id,class_name,file_path,resolution
f5051978900b7863e7f90a3fca1a976f.png,alpukat_unripe_self,/home/fadhlan/Normal2/DeepLearningRepo/sub/paralells/steps/convertedtemp/f5051978900b7863e7f90a3fca1a976f.png,4032x3024
95b5a2c7fdc3f25b2c272d3d80483660.png,alpukat_unripe_self,/home/fadhlan/Normal2/DeepLearningRepo/sub/paralells/steps/convertedtemp/95b5a2c7fdc3f25b2c272d3d80483660.png,4032x3024
6230939b3f4bca64c9a9bac4ec47fb2f.png,alpukat_unripe_self,/home/fadhlan/Normal2/DeepLearningRepo/sub/paralells/steps/convertedtemp/6230939b3f4bca64c9a9bac4ec47fb2f.png,4032x3024
849106587892f052a118c343f09bf5ff.png,alpukat_unripe_self,/home/fadhlan/Normal2/DeepLearningRepo/sub/paralells/steps/convertedtemp/849106587892f052a118c343f09bf5ff.png,4032x3024
2d3b473f334ddc463565e9ddb21c4ef6.png,alpukat_unripe_self,/home/fadhlan/Normal2/DeepLearningRepo/sub/paralells/steps/convertedtemp/2d3b473f334ddc463565e9ddb21c4ef6.png,4032x3024
dfcb5812426c82073e368948dee83886.png,alpukat_unripe_self,/home/fadhlan/Normal2/DeepLearningRepo/sub/paralells/steps/convertedtemp/dfcb5812426c82073e368948dee83886.png,4032x3024
8b534bac76b54dc786455371199d4b1f.png,alpukat_unripe_self,/home/fadhlan/Normal2/DeepLearningRepo/sub/paralells/steps/convertedtemp/8b534bac76b54dc786455371199d4b1f.png,4032x3024
c99e28c7634dcbadced512518cd1b84f.png,alpukat_unripe_self,/home/fadhlan/Normal2/DeepLearningRepo/sub/paralells/steps/convertedtemp/c99e28c7634dcbadced512518cd1b84f.png,4032x3024
c0bc3167a7854751fea54d6c72b800bd.png,alpukat_unripe_self,/home/fadhlan/Normal2/DeepLearningRepo/sub/paralells/steps/convertedtemp/c0bc3167a7854751fea54d6c72b800bd.png,4032x3024
e4687a699c1f5c1cf31ec55535f40809.png,alpukat_unripe_self,/home/fadhlan/Normal2/DeepLearningRepo/sub/paralells/steps/convertedtemp/e4687a699c1f5c1cf31ec55535f40809.png,4032x3024
a1e9c7999517dd3daa614e271abd281f.png,alpukat_unripe_google,/home/fadhlan/Normal2/DeepLearningRepo/sub/paralells/steps/convertedtemp/a1e9c7999517dd3daa614e271abd281f.png,480x640
a3fc1bd37b6c547d1f6df4971996cda3.png,alpukat_unripe_google,/home/fadhlan/Normal2/DeepLearningRepo/sub/paralells/steps/convertedtemp/a3fc1bd37b6c547d1f6df4971996cda3.png,4000x6000
b3e6aef7899db9f730a4ad00c7e7a8d3.png,alpukat_unripe_google,/home/fadhlan/Normal2/DeepLearningRepo/sub/paralells/steps/convertedtemp/b3e6aef7899db9f730a4ad00c7e7a8d3.png,4353x3434
0f041d91b1aef2b3c0952860d941c096.png,alpukat_unripe_google,/home/fadhlan/Normal2/DeepLearningRepo/sub/paralells/steps/convertedtemp/0f041d91b1aef2b3c0952860d941c096.png,6720x4480
0fc362819f5a1fbfa983b7eb6644b930.png,alpukat_unripe_google,/home/fadhlan/Normal2/DeepLearningRepo/sub/paralells/steps/convertedtemp/0fc362819f5a1fbfa983b7eb6644b930.png,6057x4038
5a634a3881d22f2fdecac9a5a4b60408.png,alpukat_unripe_google,/home/fadhlan/Normal2/DeepLearningRepo/sub/paralells/steps/convertedtemp/5a634a3881d22f2fdecac9a5a4b60408.png,390x259
06573c962b34904ebca2a6eb0cc58388.png,alpukat_unripe_google,/home/fadhlan/Normal2/DeepLearningRepo/sub/paralells/steps/convertedtemp/06573c962b34904ebca2a6eb0cc58388.png,872x536
b8c5891d7c32f6a70d419a88ae12f7d1.png,alpukat_unripe_google,/home/fadhlan/Normal2/DeepLearningRepo/sub/paralells/steps/convertedtemp/b8c5891d7c32f6a70d419a88ae12f7d1.png,390x259
b8c5891d7c32f6a70d419a88ae12f7d1.png,alpukat_unripe_google,/home/fadhlan/Normal2/DeepLearningRepo/sub/paralells/steps/convertedtemp/b8c5891d7c32f6a70d419a88ae12f7d1.png,390x259
73d272e851da636c5e31aa432d96f3b0.png,alpukat_unripe_google,/home/fadhlan/Normal2/DeepLearningRepo/sub/paralells/steps/convertedtemp/73d272e851da636c5e31aa432d96f3b0.png,626x626
846ad7a4119b38454691b54edd983eb8.png,alpukat_unripe_google,/home/fadhlan/Normal2/DeepLearningRepo/sub/paralells/steps/convertedtemp/846ad7a4119b38454691b54edd983eb8.png,390x259
1f9c375a998dc5f47db1f6599d69c4cc.png,alpukat_unripe_google,/home/fadhlan/Normal2/DeepLearningRepo/sub/paralells/steps/convertedtemp/1f9c375a998dc5f47db1f6599d69c4cc.png,800x534
7ba2321ae71bd85b8695d0307e8425c2.png,alpukat_unripe_google,/home/fadhlan/Normal2/DeepLearningRepo/sub/paralells/steps/convertedtemp/7ba2321ae71bd85b8695d0307e8425c2.png,872x514
4c74eda78d50db30fbd8f9f7cfe39fc5.png,alpukat_unripe_google,/home/fadhlan/Normal2/DeepLearningRepo/sub/paralells/steps/convertedtemp/4c74eda78d50db30fbd8f9f7cfe39fc5.png,612x433
7850730c937a20f97e2d5e667d8d792a.png,alpukat_unripe_google,/home/fadhlan/Normal2/DeepLearningRepo/sub/paralells/steps/convertedtemp/7850730c937a20f97e2d5e667d8d792a.png,612x408
63698360415fc6b5d4ed58ce7f799c22.png,alpukat_unripe_google,/home/fadhlan/Normal2/DeepLearningRepo/sub/paralells/steps/convertedtemp/63698360415fc6b5d4ed58ce7f799c22.png,800x450
2790a53203bb55d957f3d51eb8161592.png,alpukat_unripe_google,/home/fadhlan/Normal2/DeepLearningRepo/sub/paralells/steps/convertedtemp/2790a53203bb55d957f3d51eb8161592.png,730x548
b4eaba4d6e296b1e0e61d67aef20a526.png,alpukat_unripe_google,/home/fadhlan/Normal2/DeepLearningRepo/sub/paralells/steps/convertedtemp/b4eaba4d6e296b1e0e61d67aef20a526.png,612x382
abe181bf8b09b8895542eb968f9a5ec8.png,alpukat_unripe_google,/home/fadhlan/Normal2/DeepLearningRepo/sub/paralells/steps/convertedtemp/abe181bf8b09b8895542eb968f9a5ec8.png,872x501
fe208427b5f228dadf41971bb910ae1c.png,alpukat_unripe_google,/home/fadhlan/Normal2/DeepLearningRepo/sub/paralells/steps/convertedtemp/fe208427b5f228dadf41971bb910ae1c.png,730x487
b8d0cfb596a2628c1a16c2d627789a6c.png,alpukat_unripe_google,/home/fadhlan/Normal2/DeepLearningRepo/sub/paralells/steps/convertedtemp/b8d0cfb596a2628c1a16c2d627789a6c.png,650x488
fe208427b5f228dadf41971bb910ae1c.png,alpukat_unripe_google,/home/fadhlan/Normal2/DeepLearningRepo/sub/paralells/steps/convertedtemp/fe208427b5f228dadf41971bb910ae1c.png,730x487
7b32cbafd28e3e389ca36a8762611cbe.png,alpukat_unripe_google,/home/fadhlan/Normal2/DeepLearningRepo/sub/paralells/steps/convertedtemp/7b32cbafd28e3e389ca36a8762611cbe.png,816x546
ff02c134ccddf7b773a2cd2f0d5a2fd3.png,alpukat_unripe_google,/home/fadhlan/Normal2/DeepLearningRepo/sub/paralells/steps/convertedtemp/ff02c134ccddf7b773a2cd2f0d5a2fd3.png,872x465
bde202a57c1d391b307311ac3193ec5b.png,alpukat_unripe_google,/home/fadhlan/Normal2/DeepLearningRepo/sub/paralells/steps/convertedtemp/bde202a57c1d391b307311ac3193ec5b.png,600x600
6bc7afb0af975e40f970b11f197e3cda.png,alpukat_unripe_google,/home/fadhlan/Normal2/DeepLearningRepo/sub/paralells/steps/convertedtemp/6bc7afb0af975e40f970b11f197e3cda.png,712x475
8109576227fc9d3f8e5b74db76b4da70.png,alpukat_unripe_google,/home/fadhlan/Normal2/DeepLearningRepo/sub/paralells/steps/convertedtemp/8109576227fc9d3f8e5b74db76b4da70.png,480x360
68c08d3a126729c2c5398551943ec1ef.png,alpukat_unripe_google,/home/fadhlan/Normal2/DeepLearningRepo/sub/paralells/steps/convertedtemp/68c08d3a126729c2c5398551943ec1ef.png,427x340
c6d6c2cecf64c96892d1425149664e14.png,alpukat_unripe_google,/home/fadhlan/Normal2/DeepLearningRepo/sub/paralells/steps/convertedtemp/c6d6c2cecf64c96892d1425149664e14.png,408x728
ec983bed8c30df892b575bd08a0eb35e.png,alpukat_unripe_google,/home/fadhlan/Normal2/DeepLearningRepo/sub/paralells/steps/convertedtemp/ec983bed8c30df892b575bd08a0eb35e.png,512x512
f2dc69e7924c09b91c16821bfeb353d2.png,alpukat_unripe_google,/home/fadhlan/Normal2/DeepLearningRepo/sub/paralells/steps/convertedtemp/f2dc69e7924c09b91c16821bfeb353d2.png,408x728
908e975f8c90fabd64a8661e36264b75.png,alpukat_unripe_google,/home/fadhlan/Normal2/DeepLearningRepo/sub/paralells/steps/convertedtemp/908e975f8c90fabd64a8661e36264b75.png,512x512
c1311677bc60afea7873c4abf93eff14.png,alpukat_unripe_google,/home/fadhlan/Normal2/DeepLearningRepo/sub/paralells/steps/convertedtemp/c1311677bc60afea7873c4abf93eff14.png,462x280
bde202a57c1d391b307311ac3193ec5b.png,alpukat_unripe_google,/home/fadhlan/Normal2/DeepLearningRepo/sub/paralells/steps/convertedtemp/bde202a57c1d391b307311ac3193ec5b.png,600x600
f471e77c451d2f14466a7e509cfceffb.png,alpukat_unripe_google,/home/fadhlan/Normal2/DeepLearningRepo/sub/paralells/steps/convertedtemp/f471e77c451d2f14466a7e509cfceffb.png,460x259
231cc61488e9fa58eca187f930599998.png,alpukat_unripe_google,/home/fadhlan/Normal2/DeepLearningRepo/sub/paralells/steps/convertedtemp/231cc61488e9fa58eca187f930599998.png,500x375
08f7feccc9bb62345976606bcbf69cca.png,alpukat_unripe_google,/home/fadhlan/Normal2/DeepLearningRepo/sub/paralells/steps/convertedtemp/08f7feccc9bb62345976606bcbf69cca.png,615x409
69cb431db87cc10fe88cbc6ac49fee69.png,alpukat_unripe_google,/home/fadhlan/Normal2/DeepLearningRepo/sub/paralells/steps/convertedtemp/69cb431db87cc10fe88cbc6ac49fee69.png,590x375
1545d55d76ef4642602e7ba5ccc96554.png,alpukat_unripe_google,/home/fadhlan/Normal2/DeepLearningRepo/sub/paralells/steps/convertedtemp/1545d55d76ef4642602e7ba5ccc96554.png,500x212
8a4067e878be56b475a83394ba598261.png,alpukat_unripe_google,/home/fadhlan/Normal2/DeepLearningRepo/sub/paralells/steps/convertedtemp/8a4067e878be56b475a83394ba598261.png,590x393
510ea7b7a72eced6c887a23a77e3eae2.png,alpukat_unripe_google,/home/fadhlan/Normal2/DeepLearningRepo/sub/paralells/steps/convertedtemp/510ea7b7a72eced6c887a23a77e3eae2.png,612x402
55aa036d01e31ffc34dbd01310557610.png,alpukat_unripe_google,/home/fadhlan/Normal2/DeepLearningRepo/sub/paralells/steps/convertedtemp/55aa036d01e31ffc34dbd01310557610.png,480x270
1f3abe25c22a2718891181c0141989ba.png,alpukat_unripe_google,/home/fadhlan/Normal2/DeepLearningRepo/sub/paralells/steps/convertedtemp/1f3abe25c22a2718891181c0141989ba.png,800x472
2c4c0b94210e89e7a5baf9e79368aa6c.png,alpukat_unripe_google,/home/fadhlan/Normal2/DeepLearningRepo/sub/paralells/steps/convertedtemp/2c4c0b94210e89e7a5baf9e79368aa6c.png,590x350
bde202a57c1d391b307311ac3193ec5b.png,alpukat_unripe_google,/home/fadhlan/Normal2/DeepLearningRepo/sub/paralells/steps/convertedtemp/bde202a57c1d391b307311ac3193ec5b.png,600x600
dff1c03655ede116eff6770447b00e34.png,alpukat_unripe_google,/home/fadhlan/Normal2/DeepLearningRepo/sub/paralells/steps/convertedtemp/dff1c03655ede116eff6770447b00e34.png,590x350
61927feddd07b656cb05a278adf109f1.png,alpukat_unripe_google,/home/fadhlan/Normal2/DeepLearningRepo/sub/paralells/steps/convertedtemp/61927feddd07b656cb05a278adf109f1.png,780x438
892ecafab7a035034a97a5deca61fcf7.png,alpukat_unripe_google,/home/fadhlan/Normal2/DeepLearningRepo/sub/paralells/steps/convertedtemp/892ecafab7a035034a97a5deca61fcf7.png,640x480
f31456395dad5803f2cd96d2fa623794.png,alpukat_unripe_google,/home/fadhlan/Normal2/DeepLearningRepo/sub/paralells/steps/convertedtemp/f31456395dad5803f2cd96d2fa623794.png,600x600
c533e993062e6b08dd4ddf7c724919a3.png,alpukat_unripe_google,/home/fadhlan/Normal2/DeepLearningRepo/sub/paralells/steps/convertedtemp/c533e993062e6b08dd4ddf7c724919a3.png,600x450
032ce6442b888baca479bcd99230423a.png,alpukat_unripe_google,/home/fadhlan/Normal2/DeepLearningRepo/sub/paralells/steps/convertedtemp/032ce6442b888baca479bcd99230423a.png,500x500
c533e993062e6b08dd4ddf7c724919a3.png,alpukat_unripe_google,/home/fadhlan/Normal2/DeepLearningRepo/sub/paralells/steps/convertedtemp/c533e993062e6b08dd4ddf7c724919a3.png,600x450
d63cfe8cb395f4eaf29614fb86f9a2fa.png,alpukat_unripe_google,/home/fadhlan/Normal2/DeepLearningRepo/sub/paralells/steps/convertedtemp/d63cfe8cb395f4eaf29614fb86f9a2fa.png,460x259
15a127db3c96c93fce4675e76c4a329f.png,alpukat_unripe_google,/home/fadhlan/Normal2/DeepLearningRepo/sub/paralells/steps/convertedtemp/15a127db3c96c93fce4675e76c4a329f.png,800x533
2790a53203bb55d957f3d51eb8161592.png,alpukat_unripe_google,/home/fadhlan/Normal2/DeepLearningRepo/sub/paralells/steps/convertedtemp/2790a53203bb55d957f3d51eb8161592.png,730x548
d8891a6e393c829c349241f4baac8ad5.png,alpukat_unripe_google,/home/fadhlan/Normal2/DeepLearningRepo/sub/paralells/steps/convertedtemp/d8891a6e393c829c349241f4baac8ad5.png,800x378
244c532e45a81497e3d51e81a1fcb04d.png,alpukat_unripe_google,/home/fadhlan/Normal2/DeepLearningRepo/sub/paralells/steps/convertedtemp/244c532e45a81497e3d51e81a1fcb04d.png,872x534
8109576227fc9d3f8e5b74db76b4da70.png,alpukat_unripe_google,/home/fadhlan/Normal2/DeepLearningRepo/sub/paralells/steps/convertedtemp/8109576227fc9d3f8e5b74db76b4da70.png,480x360
8d52aec527115a5fec609bab5c43d406.png,alpukat_unripe_google,/home/fadhlan/Normal2/DeepLearningRepo/sub/paralells/steps/convertedtemp/8d52aec527115a5fec609bab5c43d406.png,600x400
c5d2f3f2985e203ff204121d15504cdd.png,alpukat_ripe_google,/home/fadhlan/Normal2/DeepLearningRepo/sub/paralells/steps/convertedtemp/c5d2f3f2985e203ff204121d15504cdd.png,640x640
26ea639bc625cc7940a87df2c559f7aa.png,alpukat_ripe_google,/home/fadhlan/Normal2/DeepLearningRepo/sub/paralells/steps/convertedtemp/26ea639bc625cc7940a87df2c559f7aa.png,5000x3333
da8624165f5ea66c92a112d1698d5e49.png,alpukat_ripe_google,/home/fadhlan/Normal2/DeepLearningRepo/sub/paralells/steps/convertedtemp/da8624165f5ea66c92a112d1698d5e49.png,3456x2304
7f52a7fa3809e8df79279dfd5abb4f3b.png,alpukat_ripe_google,/home/fadhlan/Normal2/DeepLearningRepo/sub/paralells/steps/convertedtemp/7f52a7fa3809e8df79279dfd5abb4f3b.png,3500x2336
8c63e8be7f63a10bb7f0cbc20c15cde7.png,alpukat_ripe_google,/home/fadhlan/Normal2/DeepLearningRepo/sub/paralells/steps/convertedtemp/8c63e8be7f63a10bb7f0cbc20c15cde7.png,3216x4288
70bb08f359f3fafc647600f780f3083b.png,alpukat_ripe_google,/home/fadhlan/Normal2/DeepLearningRepo/sub/paralells/steps/convertedtemp/70bb08f359f3fafc647600f780f3083b.png,6317x4211
2790a53203bb55d957f3d51eb8161592.png,alpukat_ripe_google,/home/fadhlan/Normal2/DeepLearningRepo/sub/paralells/steps/convertedtemp/2790a53203bb55d957f3d51eb8161592.png,730x548
fe208427b5f228dadf41971bb910ae1c.png,alpukat_ripe_google,/home/fadhlan/Normal2/DeepLearningRepo/sub/paralells/steps/convertedtemp/fe208427b5f228dadf41971bb910ae1c.png,730x487
eff74a46f19792a80635d6216c9a8edf.png,alpukat_ripe_google,/home/fadhlan/Normal2/DeepLearningRepo/sub/paralells/steps/convertedtemp/eff74a46f19792a80635d6216c9a8edf.png,643x360
4534e86b905448acfcd9df835322e34f.png,alpukat_ripe_google,/home/fadhlan/Normal2/DeepLearningRepo/sub/paralells/steps/convertedtemp/4534e86b905448acfcd9df835322e34f.png,626x417
0fbe4620fd967cfd498c09ab6877a7bf.png,alpukat_ripe_google,/home/fadhlan/Normal2/DeepLearningRepo/sub/paralells/steps/convertedtemp/0fbe4620fd967cfd498c09ab6877a7bf.png,800x449
eff74a46f19792a80635d6216c9a8edf.png,alpukat_ripe_google,/home/fadhlan/Normal2/DeepLearningRepo/sub/paralells/steps/convertedtemp/eff74a46f19792a80635d6216c9a8edf.png,643x360
289eb468f70c71c4b244e6b326440e06.png,alpukat_ripe_google,/home/fadhlan/Normal2/DeepLearningRepo/sub/paralells/steps/convertedtemp/289eb468f70c71c4b244e6b326440e06.png,800x449
20b7f54ef0c33a8ce992168d4e050082.png,alpukat_ripe_google,/home/fadhlan/Normal2/DeepLearningRepo/sub/paralells/steps/convertedtemp/20b7f54ef0c33a8ce992168d4e050082.png,396x280
5a613bb836780976ad5171e9f50e04d4.png,alpukat_ripe_google,/home/fadhlan/Normal2/DeepLearningRepo/sub/paralells/steps/convertedtemp/5a613bb836780976ad5171e9f50e04d4.png,800x449
a154d899ec5a05f2cfd38fb2743dbb0a.png,alpukat_ripe_google,/home/fadhlan/Normal2/DeepLearningRepo/sub/paralells/steps/convertedtemp/a154d899ec5a05f2cfd38fb2743dbb0a.png,476x612
cdd3e07b5b02ed481f9d6f720cda21a5.png,alpukat_ripe_google,/home/fadhlan/Normal2/DeepLearningRepo/sub/paralells/steps/convertedtemp/cdd3e07b5b02ed481f9d6f720cda21a5.png,450x320
ec983bed8c30df892b575bd08a0eb35e.png,alpukat_ripe_google,/home/fadhlan/Normal2/DeepLearningRepo/sub/paralells/steps/convertedtemp/ec983bed8c30df892b575bd08a0eb35e.png,512x512
e25dd21b7db6424d87633ea32cc705fd.png,alpukat_ripe_google,/home/fadhlan/Normal2/DeepLearningRepo/sub/paralells/steps/convertedtemp/e25dd21b7db6424d87633ea32cc705fd.png,626x417
fb7c846418f5bf1c55c5ce58eb1bd9e3.png,alpukat_ripe_google,/home/fadhlan/Normal2/DeepLearningRepo/sub/paralells/steps/convertedtemp/fb7c846418f5bf1c55c5ce58eb1bd9e3.png,325x280
60f94f0e02cd07b652475552b1319868.png,alpukat_ripe_google,/home/fadhlan/Normal2/DeepLearningRepo/sub/paralells/steps/convertedtemp/60f94f0e02cd07b652475552b1319868.png,347x280
edf30a21a29850e44e976c986e8e6c19.png,alpukat_ripe_google,/home/fadhlan/Normal2/DeepLearningRepo/sub/paralells/steps/convertedtemp/edf30a21a29850e44e976c986e8e6c19.png,390x280
2985fe8ab0ad628d80d903f8d5cffb94.png,alpukat_ripe_google,/home/fadhlan/Normal2/DeepLearningRepo/sub/paralells/steps/convertedtemp/2985fe8ab0ad628d80d903f8d5cffb94.png,800x449
a1ffa47052410ea7f0f7def59cd5d0f8.png,alpukat_ripe_google,/home/fadhlan/Normal2/DeepLearningRepo/sub/paralells/steps/convertedtemp/a1ffa47052410ea7f0f7def59cd5d0f8.png,626x417
a1ffa47052410ea7f0f7def59cd5d0f8.png,alpukat_ripe_google,/home/fadhlan/Normal2/DeepLearningRepo/sub/paralells/steps/convertedtemp/a1ffa47052410ea7f0f7def59cd5d0f8.png,626x417
8b40c4436fabc9dfe54119ec1f6a24fa.png,alpukat_ripe_google,/home/fadhlan/Normal2/DeepLearningRepo/sub/paralells/steps/convertedtemp/8b40c4436fabc9dfe54119ec1f6a24fa.png,390x280
59d9ef40d06efe7b3b224a3609374347.png,alpukat_ripe_google,/home/fadhlan/Normal2/DeepLearningRepo/sub/paralells/steps/convertedtemp/59d9ef40d06efe7b3b224a3609374347.png,800x449
741d024866b99846453d32c503d80bf8.png,alpukat_ripe_google,/home/fadhlan/Normal2/DeepLearningRepo/sub/paralells/steps/convertedtemp/741d024866b99846453d32c503d80bf8.png,612x407
cdd3e07b5b02ed481f9d6f720cda21a5.png,alpukat_ripe_google,/home/fadhlan/Normal2/DeepLearningRepo/sub/paralells/steps/convertedtemp/cdd3e07b5b02ed481f9d6f720cda21a5.png,450x320
e2f12bb2fcdef3444221fd160c33b7dc.png,alpukat_ripe_google,/home/fadhlan/Normal2/DeepLearningRepo/sub/paralells/steps/convertedtemp/e2f12bb2fcdef3444221fd160c33b7dc.png,800x534
7b807adebfbc9793c6dc1cc7c0e2da7f.png,alpukat_ripe_google,/home/fadhlan/Normal2/DeepLearningRepo/sub/paralells/steps/convertedtemp/7b807adebfbc9793c6dc1cc7c0e2da7f.png,417x626
63f27b382eb22e27133aff5e02aacfdf.png,alpukat_ripe_google,/home/fadhlan/Normal2/DeepLearningRepo/sub/paralells/steps/convertedtemp/63f27b382eb22e27133aff5e02aacfdf.png,413x626
b1c2a4886c4616c37584ee59ed1d6e1f.png,alpukat_ripe_google,/home/fadhlan/Normal2/DeepLearningRepo/sub/paralells/steps/convertedtemp/b1c2a4886c4616c37584ee59ed1d6e1f.png,800x534
6451967cc769c6388308e879613f6eb3.png,alpukat_ripe_google,/home/fadhlan/Normal2/DeepLearningRepo/sub/paralells/steps/convertedtemp/6451967cc769c6388308e879613f6eb3.png,728x408
3a666282d146c843e8a9bde4300a15b8.png,alpukat_ripe_google,/home/fadhlan/Normal2/DeepLearningRepo/sub/paralells/steps/convertedtemp/3a666282d146c843e8a9bde4300a15b8.png,612x409
ce0b81ee4d173f92f053c901a0dea884.png,alpukat_ripe_google,/home/fadhlan/Normal2/DeepLearningRepo/sub/paralells/steps/convertedtemp/ce0b81ee4d173f92f053c901a0dea884.png,728x408
9e22659012297041ad59309d84b9cbe4.png,alpukat_ripe_google,/home/fadhlan/Normal2/DeepLearningRepo/sub/paralells/steps/convertedtemp/9e22659012297041ad59309d84b9cbe4.png,771x358
fabb3054bf92b336d0b3df1d095bf51a.png,alpukat_ripe_google,/home/fadhlan/Normal2/DeepLearningRepo/sub/paralells/steps/convertedtemp/fabb3054bf92b336d0b3df1d095bf51a.png,512x512
b9a5a8b9f6953b493b74c3b28675b28d.png,alpukat_ripe_google,/home/fadhlan/Normal2/DeepLearningRepo/sub/paralells/steps/convertedtemp/b9a5a8b9f6953b493b74c3b28675b28d.png,512x512
81bae1d6718586b6db26a3efbbb033b2.png,alpukat_ripe_google,/home/fadhlan/Normal2/DeepLearningRepo/sub/paralells/steps/convertedtemp/81bae1d6718586b6db26a3efbbb033b2.png,408x728
b76c3c906ff0a4d9d0552872934c9458.png,alpukat_ripe_google,/home/fadhlan/Normal2/DeepLearningRepo/sub/paralells/steps/convertedtemp/b76c3c906ff0a4d9d0552872934c9458.png,363x280
510ea7b7a72eced6c887a23a77e3eae2.png,alpukat_ripe_google,/home/fadhlan/Normal2/DeepLearningRepo/sub/paralells/steps/convertedtemp/510ea7b7a72eced6c887a23a77e3eae2.png,612x402
8a72e8c3636faf32f0a79e7563643517.png,alpukat_ripe_google,/home/fadhlan/Normal2/DeepLearningRepo/sub/paralells/steps/convertedtemp/8a72e8c3636faf32f0a79e7563643517.png,450x320
1545d55d76ef4642602e7ba5ccc96554.png,alpukat_ripe_google,/home/fadhlan/Normal2/DeepLearningRepo/sub/paralells/steps/convertedtemp/1545d55d76ef4642602e7ba5ccc96554.png,500x212
78682a5f89de5b1326e6512f64df9070.png,alpukat_ripe_google,/home/fadhlan/Normal2/DeepLearningRepo/sub/paralells/steps/convertedtemp/78682a5f89de5b1326e6512f64df9070.png,500x333
7f9e91cef8a40e538c9991cddd99c44b.png,alpukat_ripe_google,/home/fadhlan/Normal2/DeepLearningRepo/sub/paralells/steps/convertedtemp/7f9e91cef8a40e538c9991cddd99c44b.png,590x350
69cb431db87cc10fe88cbc6ac49fee69.png,alpukat_ripe_google,/home/fadhlan/Normal2/DeepLearningRepo/sub/paralells/steps/convertedtemp/69cb431db87cc10fe88cbc6ac49fee69.png,590x375
b068aef832d32d73cfd3d0d6cc19fa5d.png,alpukat_ripe_google,/home/fadhlan/Normal2/DeepLearningRepo/sub/paralells/steps/convertedtemp/b068aef832d32d73cfd3d0d6cc19fa5d.png,626x417
f471e77c451d2f14466a7e509cfceffb.png,alpukat_ripe_google,/home/fadhlan/Normal2/DeepLearningRepo/sub/paralells/steps/convertedtemp/f471e77c451d2f14466a7e509cfceffb.png,460x259
15a127db3c96c93fce4675e76c4a329f.png,alpukat_ripe_google,/home/fadhlan/Normal2/DeepLearningRepo/sub/paralells/steps/convertedtemp/15a127db3c96c93fce4675e76c4a329f.png,800x533
8857cd43e90fd395a05827025544ee7d.png,alpukat_ripe_google,/home/fadhlan/Normal2/DeepLearningRepo/sub/paralells/steps/convertedtemp/8857cd43e90fd395a05827025544ee7d.png,360x360
add18451f27d5b0bc17c0041e21d28c3.png,alpukat_ripe_google,/home/fadhlan/Normal2/DeepLearningRepo/sub/paralells/steps/convertedtemp/add18451f27d5b0bc17c0041e21d28c3.png,500x375
6ff989acf2809708bb82534e0e756bcc.png,alpukat_ripe_google,/home/fadhlan/Normal2/DeepLearningRepo/sub/paralells/steps/convertedtemp/6ff989acf2809708bb82534e0e756bcc.png,390x280
61927feddd07b656cb05a278adf109f1.png,alpukat_ripe_google,/home/fadhlan/Normal2/DeepLearningRepo/sub/paralells/steps/convertedtemp/61927feddd07b656cb05a278adf109f1.png,780x438
645402db728679e47e6a910b221ebc2e.png,alpukat_ripe_google,/home/fadhlan/Normal2/DeepLearningRepo/sub/paralells/steps/convertedtemp/645402db728679e47e6a910b221ebc2e.png,700x350
5a4c0db6f93c3479034b1b78b4e5b20a.png,alpukat_ripe_google,/home/fadhlan/Normal2/DeepLearningRepo/sub/paralells/steps/convertedtemp/5a4c0db6f93c3479034b1b78b4e5b20a.png,686x386
244c532e45a81497e3d51e81a1fcb04d.png,alpukat_ripe_google,/home/fadhlan/Normal2/DeepLearningRepo/sub/paralells/steps/convertedtemp/244c532e45a81497e3d51e81a1fcb04d.png,872x534
057ab5f5f381ffef12a871bf055a2ca0.png,alpukat_ripe_self,/home/fadhlan/Normal2/DeepLearningRepo/sub/paralells/steps/convertedtemp/057ab5f5f381ffef12a871bf055a2ca0.png,4032x3024
caa0c281b3bcdfeccc2672c4b368e84e.png,alpukat_ripe_self,/home/fadhlan/Normal2/DeepLearningRepo/sub/paralells/steps/convertedtemp/caa0c281b3bcdfeccc2672c4b368e84e.png,4032x3024
05becadcd2118edc36e7c76954d6bf32.png,alpukat_ripe_self,/home/fadhlan/Normal2/DeepLearningRepo/sub/paralells/steps/convertedtemp/05becadcd2118edc36e7c76954d6bf32.png,4032x3024
185a34ac9c1ab0ee628473e5594bfa74.png,alpukat_ripe_self,/home/fadhlan/Normal2/DeepLearningRepo/sub/paralells/steps/convertedtemp/185a34ac9c1ab0ee628473e5594bfa74.png,4032x3024
e467e8dbaec7493987af9611d9123bb4.png,alpukat_ripe_self,/home/fadhlan/Normal2/DeepLearningRepo/sub/paralells/steps/convertedtemp/e467e8dbaec7493987af9611d9123bb4.png,4032x3024
a581a3d6cdb44a1dc91b41aefeeebef8.png,alpukat_ripe_self,/home/fadhlan/Normal2/DeepLearningRepo/sub/paralells/steps/convertedtemp/a581a3d6cdb44a1dc91b41aefeeebef8.png,4032x3024
b7f668b9d03a103254271ff8898ff592.png,alpukat_ripe_self,/home/fadhlan/Normal2/DeepLearningRepo/sub/paralells/steps/convertedtemp/b7f668b9d03a103254271ff8898ff592.png,4032x3024
d0466c69ca00a9a9e4889491bd232348.png,alpukat_ripe_self,/home/fadhlan/Normal2/DeepLearningRepo/sub/paralells/steps/convertedtemp/d0466c69ca00a9a9e4889491bd232348.png,4032x3024
0c7432f30d2f3a447624be79b5b7b502.png,alpukat_ripe_self,/home/fadhlan/Normal2/DeepLearningRepo/sub/paralells/steps/convertedtemp/0c7432f30d2f3a447624be79b5b7b502.png,4032x3024
452f2473f3dd5817395dcaa16b58ab6e.png,banana_day1_self,/home/fadhlan/Normal2/DeepLearningRepo/sub/paralells/steps/convertedtemp/452f2473f3dd5817395dcaa16b58ab6e.png,720x1280
2da7e04b024ef07fd40e4f84213d6ca7.png,banana_day1_self,/home/fadhlan/Normal2/DeepLearningRepo/sub/paralells/steps/convertedtemp/2da7e04b024ef07fd40e4f84213d6ca7.png,720x1280
708f00dd2a7c25d75680d18299d0254d.png,banana_day1_self,/home/fadhlan/Normal2/DeepLearningRepo/sub/paralells/steps/convertedtemp/708f00dd2a7c25d75680d18299d0254d.png,720x1280
866d7784b51be1f26a96af4c99e73448.png,banana_day1_self,/home/fadhlan/Normal2/DeepLearningRepo/sub/paralells/steps/convertedtemp/866d7784b51be1f26a96af4c99e73448.png,720x1280
2e4fbf3ef0199cd4f664155171dbb849.png,banana_day1_self,/home/fadhlan/Normal2/DeepLearningRepo/sub/paralells/steps/convertedtemp/2e4fbf3ef0199cd4f664155171dbb849.png,1280x720
3a0e8525b40f6635e91227fbbb863e5b.png,banana_day1_self,/home/fadhlan/Normal2/DeepLearningRepo/sub/paralells/steps/convertedtemp/3a0e8525b40f6635e91227fbbb863e5b.png,720x1280
7418a176ca85674dc59a119a769fc3d5.png,banana_day1_self,/home/fadhlan/Normal2/DeepLearningRepo/sub/paralells/steps/convertedtemp/7418a176ca85674dc59a119a769fc3d5.png,720x1280
16f54be63cefa79a53279f1e805a4f3b.png,banana_day1_self,/home/fadhlan/Normal2/DeepLearningRepo/sub/paralells/steps/convertedtemp/16f54be63cefa79a53279f1e805a4f3b.png,720x1280
83a3667e2cb070129e403f2e06a34300.png,banana_day1_self,/home/fadhlan/Normal2/DeepLearningRepo/sub/paralells/steps/convertedtemp/83a3667e2cb070129e403f2e06a34300.png,720x1280
172ed312fe4f05f46d43ac6fae13be01.png,banana_day1_self,/home/fadhlan/Normal2/DeepLearningRepo/sub/paralells/steps/convertedtemp/172ed312fe4f05f46d43ac6fae13be01.png,720x1280
7ac8c8fbd878f4a4081b1dbd1bade647.png,banana_day1_self,/home/fadhlan/Normal2/DeepLearningRepo/sub/paralells/steps/convertedtemp/7ac8c8fbd878f4a4081b1dbd1bade647.png,720x1280
162bf32a3327906911080c94af983039.png,banana_day1_self,/home/fadhlan/Normal2/DeepLearningRepo/sub/paralells/steps/convertedtemp/162bf32a3327906911080c94af983039.png,720x1280
22f6e062019aac76fb1aa86f12cb0097.png,banana_day1_self,/home/fadhlan/Normal2/DeepLearningRepo/sub/paralells/steps/convertedtemp/22f6e062019aac76fb1aa86f12cb0097.png,720x1280
f2b7501636698afc54a960aad1f411f1.png,banana_day1_self,/home/fadhlan/Normal2/DeepLearningRepo/sub/paralells/steps/convertedtemp/f2b7501636698afc54a960aad1f411f1.png,720x1280
a150dda4dfa38c387bd29301265b91b2.png,banana_day1_self,/home/fadhlan/Normal2/DeepLearningRepo/sub/paralells/steps/convertedtemp/a150dda4dfa38c387bd29301265b91b2.png,720x1280
5fda7b3480a245806483bd52dbdb2ed0.png,banana_day1_self,/home/fadhlan/Normal2/DeepLearningRepo/sub/paralells/steps/convertedtemp/5fda7b3480a245806483bd52dbdb2ed0.png,720x1280
a426b6286c771560e8dea6d480a0763d.png,banana_day1_self,/home/fadhlan/Normal2/DeepLearningRepo/sub/paralells/steps/convertedtemp/a426b6286c771560e8dea6d480a0763d.png,1280x720
cb18d6ab7371d170ef48ac8077c447d3.png,banana_day1_self,/home/fadhlan/Normal2/DeepLearningRepo/sub/paralells/steps/convertedtemp/cb18d6ab7371d170ef48ac8077c447d3.png,720x1280
70d36dc453bf4a490ddfbc5c91c971f4.png,banana_day1_self,/home/fadhlan/Normal2/DeepLearningRepo/sub/paralells/steps/convertedtemp/70d36dc453bf4a490ddfbc5c91c971f4.png,1280x720
c0e8bb385ca49931dd7dbd3c31993458.png,banana_day1_self,/home/fadhlan/Normal2/DeepLearningRepo/sub/paralells/steps/convertedtemp/c0e8bb385ca49931dd7dbd3c31993458.png,720x1280
fd6a1db9c40e83f015ffe3e7de781130.png,banana_day1_self,/home/fadhlan/Normal2/DeepLearningRepo/sub/paralells/steps/convertedtemp/fd6a1db9c40e83f015ffe3e7de781130.png,720x1280
77ef7ffaf1c488ba1d5a97950424c04d.png,banana_day1_self,/home/fadhlan/Normal2/DeepLearningRepo/sub/paralells/steps/convertedtemp/77ef7ffaf1c488ba1d5a97950424c04d.png,720x1280
5d0005c12c916dc5eab5d3b83e54910c.png,banana_day1_self,/home/fadhlan/Normal2/DeepLearningRepo/sub/paralells/steps/convertedtemp/5d0005c12c916dc5eab5d3b83e54910c.png,720x1280
83b364c2e60cbd2acfdc21411aee7819.png,banana_day1_self,/home/fadhlan/Normal2/DeepLearningRepo/sub/paralells/steps/convertedtemp/83b364c2e60cbd2acfdc21411aee7819.png,1280x720
def5327d5c25e3aaedb99ff35b12f30f.png,banana_day1_self,/home/fadhlan/Normal2/DeepLearningRepo/sub/paralells/steps/convertedtemp/def5327d5c25e3aaedb99ff35b12f30f.png,720x1280
32bd9112d3d1de20f17ef31d10497f04.png,banana_day1_self,/home/fadhlan/Normal2/DeepLearningRepo/sub/paralells/steps/convertedtemp/32bd9112d3d1de20f17ef31d10497f04.png,720x1280
f446d2bf665ad39381c6cb9e353f1dec.png,banana_day1_self,/home/fadhlan/Normal2/DeepLearningRepo/sub/paralells/steps/convertedtemp/f446d2bf665ad39381c6cb9e353f1dec.png,720x1280
624f6b3d67001b33be04036766f0d5d6.png,banana_day1_self,/home/fadhlan/Normal2/DeepLearningRepo/sub/paralells/steps/convertedtemp/624f6b3d67001b33be04036766f0d5d6.png,720x1280
33c120f504148981f0f21da949592582.png,banana_day1_self,/home/fadhlan/Normal2/DeepLearningRepo/sub/paralells/steps/convertedtemp/33c120f504148981f0f21da949592582.png,720x1280
a52cce957294bc65e75b478d8e4b566c.png,banana_day1_self,/home/fadhlan/Normal2/DeepLearningRepo/sub/paralells/steps/convertedtemp/a52cce957294bc65e75b478d8e4b566c.png,720x1280
9638b93c53883b6e69815236527cba1f.png,banana_day1_self,/home/fadhlan/Normal2/DeepLearningRepo/sub/paralells/steps/convertedtemp/9638b93c53883b6e69815236527cba1f.png,720x1280
b6289f11a932924f55530dc872a24937.png,banana_day1_self,/home/fadhlan/Normal2/DeepLearningRepo/sub/paralells/steps/convertedtemp/b6289f11a932924f55530dc872a24937.png,720x1280
8fffb73e37a72804853e88d82ca47fce.png,banana_day1_self,/home/fadhlan/Normal2/DeepLearningRepo/sub/paralells/steps/convertedtemp/8fffb73e37a72804853e88d82ca47fce.png,720x1280
45fa5760c8bdddcae29e5782d2f8602c.png,banana_day1_self,/home/fadhlan/Normal2/DeepLearningRepo/sub/paralells/steps/convertedtemp/45fa5760c8bdddcae29e5782d2f8602c.png,720x1280
deb694ebe6cc42597b81d3a603eac07a.png,banana_day1_self,/home/fadhlan/Normal2/DeepLearningRepo/sub/paralells/steps/convertedtemp/deb694ebe6cc42597b81d3a603eac07a.png,720x1280
924169a8cd3ccc98692c33d101d2b784.png,banana_day1_self,/home/fadhlan/Normal2/DeepLearningRepo/sub/paralells/steps/convertedtemp/924169a8cd3ccc98692c33d101d2b784.png,720x1280
2f1a0bec0b9f08f666446dc017590cf0.png,banana_day1_self,/home/fadhlan/Normal2/DeepLearningRepo/sub/paralells/steps/convertedtemp/2f1a0bec0b9f08f666446dc017590cf0.png,1280x720
9eacd84502080b89dea0e2f50c98b94c.png,banana_day1_self,/home/fadhlan/Normal2/DeepLearningRepo/sub/paralells/steps/convertedtemp/9eacd84502080b89dea0e2f50c98b94c.png,720x1280
62366b7a46da9fca7ab34ba7b9cba523.png,banana_day1_self,/home/fadhlan/Normal2/DeepLearningRepo/sub/paralells/steps/convertedtemp/62366b7a46da9fca7ab34ba7b9cba523.png,720x1280
5da367fce5ff6e470bdce96321fcdba2.png,banana_day1_self,/home/fadhlan/Normal2/DeepLearningRepo/sub/paralells/steps/convertedtemp/5da367fce5ff6e470bdce96321fcdba2.png,720x1280
284920f5472f9204fbdd0cce4e6fbd1a.png,banana_day1_self,/home/fadhlan/Normal2/DeepLearningRepo/sub/paralells/steps/convertedtemp/284920f5472f9204fbdd0cce4e6fbd1a.png,720x1280
d388839b4ed96a48ebac4b88aafac421.png,banana_day1_self,/home/fadhlan/Normal2/DeepLearningRepo/sub/paralells/steps/convertedtemp/d388839b4ed96a48ebac4b88aafac421.png,720x1280
47280b5f1d0219fb4cd84af092546af2.png,banana_day1_self,/home/fadhlan/Normal2/DeepLearningRepo/sub/paralells/steps/convertedtemp/47280b5f1d0219fb4cd84af092546af2.png,720x1280
805299361c63fa67b3974cf436ed3978.png,banana_day1_self,/home/fadhlan/Normal2/DeepLearningRepo/sub/paralells/steps/convertedtemp/805299361c63fa67b3974cf436ed3978.png,720x1280
03ca9f2a4b70e718379cd3318c13b846.png,banana_day1_self,/home/fadhlan/Normal2/DeepLearningRepo/sub/paralells/steps/convertedtemp/03ca9f2a4b70e718379cd3318c13b846.png,720x1280
1dd1b6838cf0c6371f176752e7829802.png,banana_day1_self,/home/fadhlan/Normal2/DeepLearningRepo/sub/paralells/steps/convertedtemp/1dd1b6838cf0c6371f176752e7829802.png,720x1280
9efd5b5383d20e35d617f4f895762a6b.png,banana_day1_self,/home/fadhlan/Normal2/DeepLearningRepo/sub/paralells/steps/convertedtemp/9efd5b5383d20e35d617f4f895762a6b.png,720x1280
4e75c70023903754bf99bae4e4cd8d81.png,banana_day1_self,/home/fadhlan/Normal2/DeepLearningRepo/sub/paralells/steps/convertedtemp/4e75c70023903754bf99bae4e4cd8d81.png,720x1280
73252a735086a4fd94c35c20ba1499ee.png,banana_day1_self,/home/fadhlan/Normal2/DeepLearningRepo/sub/paralells/steps/convertedtemp/73252a735086a4fd94c35c20ba1499ee.png,1280x720
917fd54f0577271c83026cb2e9f01c6e.png,banana_day1_self,/home/fadhlan/Normal2/DeepLearningRepo/sub/paralells/steps/convertedtemp/917fd54f0577271c83026cb2e9f01c6e.png,720x1280
6f2428f572f6880f2cb9f30d4f9fa797.png,banana_day2_self,/home/fadhlan/Normal2/DeepLearningRepo/sub/paralells/steps/convertedtemp/6f2428f572f6880f2cb9f30d4f9fa797.png,1280x720
ce5199cda3cb5bac9aac7dff3a9e4940.png,banana_day2_self,/home/fadhlan/Normal2/DeepLearningRepo/sub/paralells/steps/convertedtemp/ce5199cda3cb5bac9aac7dff3a9e4940.png,720x1280
e25f289133fbb50be596587b89b157f0.png,banana_day2_self,/home/fadhlan/Normal2/DeepLearningRepo/sub/paralells/steps/convertedtemp/e25f289133fbb50be596587b89b157f0.png,720x1280
f45d3591ab41be038aec51a70bc65e7b.png,banana_day2_self,/home/fadhlan/Normal2/DeepLearningRepo/sub/paralells/steps/convertedtemp/f45d3591ab41be038aec51a70bc65e7b.png,720x1280
463443dacdc99ee9bde207f707f65adb.png,banana_day2_self,/home/fadhlan/Normal2/DeepLearningRepo/sub/paralells/steps/convertedtemp/463443dacdc99ee9bde207f707f65adb.png,720x1280
679f1a321c85618c5ef4a566a09de8f3.png,banana_day2_self,/home/fadhlan/Normal2/DeepLearningRepo/sub/paralells/steps/convertedtemp/679f1a321c85618c5ef4a566a09de8f3.png,720x1280
cce1b7aae7e7c72c9147415105b4fcb1.png,banana_day2_self,/home/fadhlan/Normal2/DeepLearningRepo/sub/paralells/steps/convertedtemp/cce1b7aae7e7c72c9147415105b4fcb1.png,720x1280
63c4bf675bca69cc284ee022fcf4f9a5.png,banana_day2_self,/home/fadhlan/Normal2/DeepLearningRepo/sub/paralells/steps/convertedtemp/63c4bf675bca69cc284ee022fcf4f9a5.png,720x1280
97ff7cb52c0a1ae2bf28f9134cbe938a.png,banana_day2_self,/home/fadhlan/Normal2/DeepLearningRepo/sub/paralells/steps/convertedtemp/97ff7cb52c0a1ae2bf28f9134cbe938a.png,720x1280
33696cf407eabdb2c26ac17511fb853e.png,banana_day2_self,/home/fadhlan/Normal2/DeepLearningRepo/sub/paralells/steps/convertedtemp/33696cf407eabdb2c26ac17511fb853e.png,720x1280
dd97c1d8c9314c9b1a3d70873ee27052.png,banana_day2_self,/home/fadhlan/Normal2/DeepLearningRepo/sub/paralells/steps/convertedtemp/dd97c1d8c9314c9b1a3d70873ee27052.png,720x1280
6f9c8b91121fc121ad405a282baac57e.png,banana_day2_self,/home/fadhlan/Normal2/DeepLearningRepo/sub/paralells/steps/convertedtemp/6f9c8b91121fc121ad405a282baac57e.png,720x1280
ad25d85ba01daf86d89d79edd650f5d8.png,banana_day2_self,/home/fadhlan/Normal2/DeepLearningRepo/sub/paralells/steps/convertedtemp/ad25d85ba01daf86d89d79edd650f5d8.png,720x1280
ebe82bfb3f9b2ff6961731b810b4b469.png,banana_day2_self,/home/fadhlan/Normal2/DeepLearningRepo/sub/paralells/steps/convertedtemp/ebe82bfb3f9b2ff6961731b810b4b469.png,720x1280
75ac96ba458681d3f949d347ec5bebf4.png,banana_day2_self,/home/fadhlan/Normal2/DeepLearningRepo/sub/paralells/steps/convertedtemp/75ac96ba458681d3f949d347ec5bebf4.png,1280x720
85bec0dd1db4493beb5ddc611be131a5.png,banana_day2_self,/home/fadhlan/Normal2/DeepLearningRepo/sub/paralells/steps/convertedtemp/85bec0dd1db4493beb5ddc611be131a5.png,720x1280
9ad23ab9eee9bf0ce98abadf38f44c4a.png,banana_day2_self,/home/fadhlan/Normal2/DeepLearningRepo/sub/paralells/steps/convertedtemp/9ad23ab9eee9bf0ce98abadf38f44c4a.png,720x1280
86c4daaa9c0715489a2040e628a9973c.png,banana_day2_self,/home/fadhlan/Normal2/DeepLearningRepo/sub/paralells/steps/convertedtemp/86c4daaa9c0715489a2040e628a9973c.png,720x1280
a09bf9c88238911df799821447f18a62.png,banana_day2_self,/home/fadhlan/Normal2/DeepLearningRepo/sub/paralells/steps/convertedtemp/a09bf9c88238911df799821447f18a62.png,720x1280
c21381cf8f8e4add87e58503cfa76287.png,banana_day2_self,/home/fadhlan/Normal2/DeepLearningRepo/sub/paralells/steps/convertedtemp/c21381cf8f8e4add87e58503cfa76287.png,720x1280
2a9023a4aa78d3d4b04437e5f07782ba.png,banana_day2_self,/home/fadhlan/Normal2/DeepLearningRepo/sub/paralells/steps/convertedtemp/2a9023a4aa78d3d4b04437e5f07782ba.png,1280x720
4c468e6c6cf7d8620e76016a470d32e4.png,banana_day2_self,/home/fadhlan/Normal2/DeepLearningRepo/sub/paralells/steps/convertedtemp/4c468e6c6cf7d8620e76016a470d32e4.png,720x1280
28a9b5b65de92c1a993a10947073fa7e.png,banana_day2_self,/home/fadhlan/Normal2/DeepLearningRepo/sub/paralells/steps/convertedtemp/28a9b5b65de92c1a993a10947073fa7e.png,720x1280
a1211359da6c5453ba1382319bc1736c.png,banana_day2_self,/home/fadhlan/Normal2/DeepLearningRepo/sub/paralells/steps/convertedtemp/a1211359da6c5453ba1382319bc1736c.png,720x1280
9c2ea5994e18b626883bff4ebdbcdf0d.png,banana_day2_self,/home/fadhlan/Normal2/DeepLearningRepo/sub/paralells/steps/convertedtemp/9c2ea5994e18b626883bff4ebdbcdf0d.png,720x1280
f8a11d89f5de1387e7568be76f32949f.png,banana_day2_self,/home/fadhlan/Normal2/DeepLearningRepo/sub/paralells/steps/convertedtemp/f8a11d89f5de1387e7568be76f32949f.png,720x1280
d41a4dfcd681cbd8b1879fa400fff068.png,banana_day2_self,/home/fadhlan/Normal2/DeepLearningRepo/sub/paralells/steps/convertedtemp/d41a4dfcd681cbd8b1879fa400fff068.png,720x1280
7eca7a2effdcb66ab2a352ebc5a8944d.png,banana_day2_self,/home/fadhlan/Normal2/DeepLearningRepo/sub/paralells/steps/convertedtemp/7eca7a2effdcb66ab2a352ebc5a8944d.png,720x1280
4abfa4b15a7b56260f95f1e038027a81.png,banana_day2_self,/home/fadhlan/Normal2/DeepLearningRepo/sub/paralells/steps/convertedtemp/4abfa4b15a7b56260f95f1e038027a81.png,720x1280
25e17dd42f6db5e3c0c033e40b4204a1.png,banana_day2_self,/home/fadhlan/Normal2/DeepLearningRepo/sub/paralells/steps/convertedtemp/25e17dd42f6db5e3c0c033e40b4204a1.png,720x1280
c51af5f30d4cb7053a1826d2d418a660.png,banana_day2_self,/home/fadhlan/Normal2/DeepLearningRepo/sub/paralells/steps/convertedtemp/c51af5f30d4cb7053a1826d2d418a660.png,720x1280
aeabc5294a6e956c53d7be52634fa6c3.png,banana_day2_self,/home/fadhlan/Normal2/DeepLearningRepo/sub/paralells/steps/convertedtemp/aeabc5294a6e956c53d7be52634fa6c3.png,720x1280
869db190652a96de6fd380f8741982c5.png,banana_day2_self,/home/fadhlan/Normal2/DeepLearningRepo/sub/paralells/steps/convertedtemp/869db190652a96de6fd380f8741982c5.png,720x1280
fa26d42dfc4976d7c7b703bf5a21ef47.png,banana_day2_self,/home/fadhlan/Normal2/DeepLearningRepo/sub/paralells/steps/convertedtemp/fa26d42dfc4976d7c7b703bf5a21ef47.png,1280x720
afba43ebe9d3fa42ad943a2328fa8d31.png,banana_day2_self,/home/fadhlan/Normal2/DeepLearningRepo/sub/paralells/steps/convertedtemp/afba43ebe9d3fa42ad943a2328fa8d31.png,720x1280
ebdb0ced44f34e546e944da2cf5397b3.png,banana_day2_self,/home/fadhlan/Normal2/DeepLearningRepo/sub/paralells/steps/convertedtemp/ebdb0ced44f34e546e944da2cf5397b3.png,720x1280
27cef99feda4e2d3856d5b3d6a4802ad.png,banana_day2_self,/home/fadhlan/Normal2/DeepLearningRepo/sub/paralells/steps/convertedtemp/27cef99feda4e2d3856d5b3d6a4802ad.png,720x1280
81b536b7c5b88e7e505f4f636859a6cd.png,banana_day2_self,/home/fadhlan/Normal2/DeepLearningRepo/sub/paralells/steps/convertedtemp/81b536b7c5b88e7e505f4f636859a6cd.png,720x1280
1224c3ff129dc7c01fdd552affd2fdac.png,banana_day2_self,/home/fadhlan/Normal2/DeepLearningRepo/sub/paralells/steps/convertedtemp/1224c3ff129dc7c01fdd552affd2fdac.png,720x1280
244d20155ecda0789a9a4619255a84b0.png,banana_day2_self,/home/fadhlan/Normal2/DeepLearningRepo/sub/paralells/steps/convertedtemp/244d20155ecda0789a9a4619255a84b0.png,1280x720
f41b43e8943e3963266f4fab1d5ba433.png,banana_day2_self,/home/fadhlan/Normal2/DeepLearningRepo/sub/paralells/steps/convertedtemp/f41b43e8943e3963266f4fab1d5ba433.png,720x1280
1812d7141df5e8a653aecb916fab3562.png,banana_day2_self,/home/fadhlan/Normal2/DeepLearningRepo/sub/paralells/steps/convertedtemp/1812d7141df5e8a653aecb916fab3562.png,720x1280
65b004efa4d2accf8aeebae54ca70354.png,banana_day2_self,/home/fadhlan/Normal2/DeepLearningRepo/sub/paralells/steps/convertedtemp/65b004efa4d2accf8aeebae54ca70354.png,720x1280
d853c1ffa37d0eca116e8f752115ae04.png,banana_day2_self,/home/fadhlan/Normal2/DeepLearningRepo/sub/paralells/steps/convertedtemp/d853c1ffa37d0eca116e8f752115ae04.png,720x1280
1f0854f7facedca8d1b949afc97fe42e.png,banana_day2_self,/home/fadhlan/Normal2/DeepLearningRepo/sub/paralells/steps/convertedtemp/1f0854f7facedca8d1b949afc97fe42e.png,720x1280
a0a0f7297135502373a2554af8dfc802.png,banana_day2_self,/home/fadhlan/Normal2/DeepLearningRepo/sub/paralells/steps/convertedtemp/a0a0f7297135502373a2554af8dfc802.png,720x1280
38faedcea2c616d75c201ffcfb236e29.png,banana_day2_self,/home/fadhlan/Normal2/DeepLearningRepo/sub/paralells/steps/convertedtemp/38faedcea2c616d75c201ffcfb236e29.png,720x1280
d5a1cd44484950f26d6ca9e352992ac3.png,banana_day2_self,/home/fadhlan/Normal2/DeepLearningRepo/sub/paralells/steps/convertedtemp/d5a1cd44484950f26d6ca9e352992ac3.png,720x1280
cc99a214f3b4c9e33a28e6f02ac01750.png,banana_day2_self,/home/fadhlan/Normal2/DeepLearningRepo/sub/paralells/steps/convertedtemp/cc99a214f3b4c9e33a28e6f02ac01750.png,720x1280
c55dbdf74dd09eeca11cec75bf5b4527.png,banana_day2_self,/home/fadhlan/Normal2/DeepLearningRepo/sub/paralells/steps/convertedtemp/c55dbdf74dd09eeca11cec75bf5b4527.png,1280x720
53951ae011831508969f2e76265ecfbb.png,banana_day3_self,/home/fadhlan/Normal2/DeepLearningRepo/sub/paralells/steps/convertedtemp/53951ae011831508969f2e76265ecfbb.png,720x1280
5662fcc35cee881b5ac10429cd05887e.png,banana_day3_self,/home/fadhlan/Normal2/DeepLearningRepo/sub/paralells/steps/convertedtemp/5662fcc35cee881b5ac10429cd05887e.png,1280x720
5c2068e1a3070eefd0253aa9d6eb3d25.png,banana_day3_self,/home/fadhlan/Normal2/DeepLearningRepo/sub/paralells/steps/convertedtemp/5c2068e1a3070eefd0253aa9d6eb3d25.png,720x1280
3f772621d07c48b859e0b76e87ac6851.png,banana_day3_self,/home/fadhlan/Normal2/DeepLearningRepo/sub/paralells/steps/convertedtemp/3f772621d07c48b859e0b76e87ac6851.png,720x1280
c863231a7669d2ad6f8750704c96cdec.png,banana_day3_self,/home/fadhlan/Normal2/DeepLearningRepo/sub/paralells/steps/convertedtemp/c863231a7669d2ad6f8750704c96cdec.png,720x1280
61c4cab455db5880542285a79a6a25c4.png,banana_day3_self,/home/fadhlan/Normal2/DeepLearningRepo/sub/paralells/steps/convertedtemp/61c4cab455db5880542285a79a6a25c4.png,720x1280
49bdd0efe57fa293dc70829ba7738368.png,banana_day3_self,/home/fadhlan/Normal2/DeepLearningRepo/sub/paralells/steps/convertedtemp/49bdd0efe57fa293dc70829ba7738368.png,720x1280
d4e02b45aa8418451e61c741ead3aaf1.png,banana_day3_self,/home/fadhlan/Normal2/DeepLearningRepo/sub/paralells/steps/convertedtemp/d4e02b45aa8418451e61c741ead3aaf1.png,720x1280
5b10887df250e7d3cfc7457229e54869.png,banana_day3_self,/home/fadhlan/Normal2/DeepLearningRepo/sub/paralells/steps/convertedtemp/5b10887df250e7d3cfc7457229e54869.png,720x1280
c882fca906eb016f9c037ac9f235a1ec.png,banana_day3_self,/home/fadhlan/Normal2/DeepLearningRepo/sub/paralells/steps/convertedtemp/c882fca906eb016f9c037ac9f235a1ec.png,720x1280
5ad8294b070bfa967881fb0eae7c2e28.png,banana_day3_self,/home/fadhlan/Normal2/DeepLearningRepo/sub/paralells/steps/convertedtemp/5ad8294b070bfa967881fb0eae7c2e28.png,720x1280
4478d387610b3bd755660bbdf8b162ab.png,banana_day3_self,/home/fadhlan/Normal2/DeepLearningRepo/sub/paralells/steps/convertedtemp/4478d387610b3bd755660bbdf8b162ab.png,1280x720
9b96be8d4cbd98a182b9e804379ce98d.png,banana_day3_self,/home/fadhlan/Normal2/DeepLearningRepo/sub/paralells/steps/convertedtemp/9b96be8d4cbd98a182b9e804379ce98d.png,1280x720
71b2c76ae7c2f8222690a03ee29c47c3.png,banana_day3_self,/home/fadhlan/Normal2/DeepLearningRepo/sub/paralells/steps/convertedtemp/71b2c76ae7c2f8222690a03ee29c47c3.png,720x1280
eb0647ec9f84e4d0a33022b52038a243.png,banana_day3_self,/home/fadhlan/Normal2/DeepLearningRepo/sub/paralells/steps/convertedtemp/eb0647ec9f84e4d0a33022b52038a243.png,720x1280
893d6859bb2bbcb49d23d72c74f2d212.png,banana_day3_self,/home/fadhlan/Normal2/DeepLearningRepo/sub/paralells/steps/convertedtemp/893d6859bb2bbcb49d23d72c74f2d212.png,720x1280
70c11b8e0f00d0b209c10172e5c49616.png,banana_day3_self,/home/fadhlan/Normal2/DeepLearningRepo/sub/paralells/steps/convertedtemp/70c11b8e0f00d0b209c10172e5c49616.png,720x1280
35fb5c7e5c8ed2274b4450531b317a45.png,banana_day3_self,/home/fadhlan/Normal2/DeepLearningRepo/sub/paralells/steps/convertedtemp/35fb5c7e5c8ed2274b4450531b317a45.png,720x1280
ba83b2b72dcb404ccdcb52adeb5e0923.png,banana_day3_self,/home/fadhlan/Normal2/DeepLearningRepo/sub/paralells/steps/convertedtemp/ba83b2b72dcb404ccdcb52adeb5e0923.png,720x1280
89be9ec16c5eac9e7e9ce2f01f507451.png,banana_day3_self,/home/fadhlan/Normal2/DeepLearningRepo/sub/paralells/steps/convertedtemp/89be9ec16c5eac9e7e9ce2f01f507451.png,720x1280
8794a7ec716d5819a3765ff302a2d88f.png,banana_day3_self,/home/fadhlan/Normal2/DeepLearningRepo/sub/paralells/steps/convertedtemp/8794a7ec716d5819a3765ff302a2d88f.png,720x1280
302b0abfbec0f0c5312a2b8db47a426d.png,banana_day3_self,/home/fadhlan/Normal2/DeepLearningRepo/sub/paralells/steps/convertedtemp/302b0abfbec0f0c5312a2b8db47a426d.png,720x1280
0cd1caf859b97ffbd48f0ab22ceffe1a.png,banana_day3_self,/home/fadhlan/Normal2/DeepLearningRepo/sub/paralells/steps/convertedtemp/0cd1caf859b97ffbd48f0ab22ceffe1a.png,1280x720
e5c74b3bc21765f53f3d905f3d30846f.png,banana_day3_self,/home/fadhlan/Normal2/DeepLearningRepo/sub/paralells/steps/convertedtemp/e5c74b3bc21765f53f3d905f3d30846f.png,720x1280
44bd366240548e623a85774276764891.png,banana_day3_self,/home/fadhlan/Normal2/DeepLearningRepo/sub/paralells/steps/convertedtemp/44bd366240548e623a85774276764891.png,720x1280
61e660ac6e5b748ba7abe0c4fbc37169.png,banana_day3_self,/home/fadhlan/Normal2/DeepLearningRepo/sub/paralells/steps/convertedtemp/61e660ac6e5b748ba7abe0c4fbc37169.png,720x1280
913a4868eaaeaca3c8d62fec854127f7.png,banana_day3_self,/home/fadhlan/Normal2/DeepLearningRepo/sub/paralells/steps/convertedtemp/913a4868eaaeaca3c8d62fec854127f7.png,720x1280
7a03e3ea384148e93f06d9f3ab3d92eb.png,banana_day3_self,/home/fadhlan/Normal2/DeepLearningRepo/sub/paralells/steps/convertedtemp/7a03e3ea384148e93f06d9f3ab3d92eb.png,720x1280
c7ed51fea2fed95317dc99eea11badc6.png,banana_day3_self,/home/fadhlan/Normal2/DeepLearningRepo/sub/paralells/steps/convertedtemp/c7ed51fea2fed95317dc99eea11badc6.png,720x1280
dc310378d8ae7e4dd1012ce16a428834.png,banana_day3_self,/home/fadhlan/Normal2/DeepLearningRepo/sub/paralells/steps/convertedtemp/dc310378d8ae7e4dd1012ce16a428834.png,720x1280
5d2209c1cbbd69fefa43fb742b0adc50.png,banana_day3_self,/home/fadhlan/Normal2/DeepLearningRepo/sub/paralells/steps/convertedtemp/5d2209c1cbbd69fefa43fb742b0adc50.png,720x1280
82d0199d2e2a293982c7db55e19d22af.png,banana_day3_self,/home/fadhlan/Normal2/DeepLearningRepo/sub/paralells/steps/convertedtemp/82d0199d2e2a293982c7db55e19d22af.png,720x1280
8975c894371d1194d9f24dbe0926ffff.png,banana_day3_self,/home/fadhlan/Normal2/DeepLearningRepo/sub/paralells/steps/convertedtemp/8975c894371d1194d9f24dbe0926ffff.png,720x1280
303e652bce466236c3e523cf4bd1d1ed.png,banana_day3_self,/home/fadhlan/Normal2/DeepLearningRepo/sub/paralells/steps/convertedtemp/303e652bce466236c3e523cf4bd1d1ed.png,1280x720
c3843e9aaffe8e4919f6143b084798cf.png,banana_day3_self,/home/fadhlan/Normal2/DeepLearningRepo/sub/paralells/steps/convertedtemp/c3843e9aaffe8e4919f6143b084798cf.png,720x1280
c5a1ec084e6b7c266acbf553d7799119.png,banana_day3_self,/home/fadhlan/Normal2/DeepLearningRepo/sub/paralells/steps/convertedtemp/c5a1ec084e6b7c266acbf553d7799119.png,720x1280
8b900053e20f1c17a405f9a40a17c662.png,banana_day3_self,/home/fadhlan/Normal2/DeepLearningRepo/sub/paralells/steps/convertedtemp/8b900053e20f1c17a405f9a40a17c662.png,720x1280
ba234a2c5823570d4b06ab4b95e979d1.png,banana_day3_self,/home/fadhlan/Normal2/DeepLearningRepo/sub/paralells/steps/convertedtemp/ba234a2c5823570d4b06ab4b95e979d1.png,720x1280
b150a45dd7bf0ea5a84c372c0a28bd0b.png,banana_day3_self,/home/fadhlan/Normal2/DeepLearningRepo/sub/paralells/steps/convertedtemp/b150a45dd7bf0ea5a84c372c0a28bd0b.png,720x1280
bdcd6d440f663368845eba7436bcdf0f.png,banana_day3_self,/home/fadhlan/Normal2/DeepLearningRepo/sub/paralells/steps/convertedtemp/bdcd6d440f663368845eba7436bcdf0f.png,720x1280
20890dce662820dec8d8ea14de15a1c5.png,banana_day3_self,/home/fadhlan/Normal2/DeepLearningRepo/sub/paralells/steps/convertedtemp/20890dce662820dec8d8ea14de15a1c5.png,720x1280
cbeded0f43a2f091d7b07846e4adeb32.png,banana_day3_self,/home/fadhlan/Normal2/DeepLearningRepo/sub/paralells/steps/convertedtemp/cbeded0f43a2f091d7b07846e4adeb32.png,720x1280
9df58242ecb2e84747ba2595f025e51b.png,banana_day3_self,/home/fadhlan/Normal2/DeepLearningRepo/sub/paralells/steps/convertedtemp/9df58242ecb2e84747ba2595f025e51b.png,720x1280
96a97150d6328c96864eb972ba1d7322.png,banana_day3_self,/home/fadhlan/Normal2/DeepLearningRepo/sub/paralells/steps/convertedtemp/96a97150d6328c96864eb972ba1d7322.png,720x1280
9a3a7c1b7696e02f3ccea29952bdedfb.png,banana_day3_self,/home/fadhlan/Normal2/DeepLearningRepo/sub/paralells/steps/convertedtemp/9a3a7c1b7696e02f3ccea29952bdedfb.png,720x1280
0c876b58ee8df83999517fd3c1a323b1.png,banana_day3_self,/home/fadhlan/Normal2/DeepLearningRepo/sub/paralells/steps/convertedtemp/0c876b58ee8df83999517fd3c1a323b1.png,720x1280
d50f3aae9956e42ae49549d0352090fd.png,banana_day3_self,/home/fadhlan/Normal2/DeepLearningRepo/sub/paralells/steps/convertedtemp/d50f3aae9956e42ae49549d0352090fd.png,1280x720
b8382cb009af26617e2f21f3f773e185.png,banana_day3_self,/home/fadhlan/Normal2/DeepLearningRepo/sub/paralells/steps/convertedtemp/b8382cb009af26617e2f21f3f773e185.png,720x1280
2d5ad55777ccd96d9f64d174c58fabef.png,banana_day3_self,/home/fadhlan/Normal2/DeepLearningRepo/sub/paralells/steps/convertedtemp/2d5ad55777ccd96d9f64d174c58fabef.png,720x1280
037fdac184fcd4c9913219a5f5bda695.png,banana_day3_self,/home/fadhlan/Normal2/DeepLearningRepo/sub/paralells/steps/convertedtemp/037fdac184fcd4c9913219a5f5bda695.png,720x1280
6c3b0fe210364fde842a073e56c5ac35.png,banana_day4_self,/home/fadhlan/Normal2/DeepLearningRepo/sub/paralells/steps/convertedtemp/6c3b0fe210364fde842a073e56c5ac35.png,720x1280
bbc6eefb167c312808b7696fcff5eb22.png,banana_day4_self,/home/fadhlan/Normal2/DeepLearningRepo/sub/paralells/steps/convertedtemp/bbc6eefb167c312808b7696fcff5eb22.png,1280x720
d57fa373d8590cef0ea08b45751090f2.png,banana_day4_self,/home/fadhlan/Normal2/DeepLearningRepo/sub/paralells/steps/convertedtemp/d57fa373d8590cef0ea08b45751090f2.png,720x1280
b0f0db1e698a69afedc28cdcf094664b.png,banana_day4_self,/home/fadhlan/Normal2/DeepLearningRepo/sub/paralells/steps/convertedtemp/b0f0db1e698a69afedc28cdcf094664b.png,720x1280
22f7a63bcfeaae149516b193a68c0df5.png,banana_day4_self,/home/fadhlan/Normal2/DeepLearningRepo/sub/paralells/steps/convertedtemp/22f7a63bcfeaae149516b193a68c0df5.png,720x1280
b80006f1a06aad9452c12bf20b2c1089.png,banana_day4_self,/home/fadhlan/Normal2/DeepLearningRepo/sub/paralells/steps/convertedtemp/b80006f1a06aad9452c12bf20b2c1089.png,720x1280
696899918344f33387d8f3d237615121.png,banana_day4_self,/home/fadhlan/Normal2/DeepLearningRepo/sub/paralells/steps/convertedtemp/696899918344f33387d8f3d237615121.png,720x1280
3cdee53da99f9a2646b5d16894162640.png,banana_day4_self,/home/fadhlan/Normal2/DeepLearningRepo/sub/paralells/steps/convertedtemp/3cdee53da99f9a2646b5d16894162640.png,720x1280
c3f372a461a7c19a0c0114dd49b1c02c.png,banana_day4_self,/home/fadhlan/Normal2/DeepLearningRepo/sub/paralells/steps/convertedtemp/c3f372a461a7c19a0c0114dd49b1c02c.png,720x1280
a780bffcec67b1dc6bb1dc9af25a1a6e.png,banana_day4_self,/home/fadhlan/Normal2/DeepLearningRepo/sub/paralells/steps/convertedtemp/a780bffcec67b1dc6bb1dc9af25a1a6e.png,720x1280
73c87ec33657ee91174bc3917682e8e0.png,banana_day4_self,/home/fadhlan/Normal2/DeepLearningRepo/sub/paralells/steps/convertedtemp/73c87ec33657ee91174bc3917682e8e0.png,720x1280
e747b3662e7b448ef2f7a277e5547589.png,banana_day4_self,/home/fadhlan/Normal2/DeepLearningRepo/sub/paralells/steps/convertedtemp/e747b3662e7b448ef2f7a277e5547589.png,1280x720
ef2f0190dd3e96b9e28f7ead5de902fe.png,banana_day4_self,/home/fadhlan/Normal2/DeepLearningRepo/sub/paralells/steps/convertedtemp/ef2f0190dd3e96b9e28f7ead5de902fe.png,720x1280
553c244465fd8a23562c97d979767276.png,banana_day4_self,/home/fadhlan/Normal2/DeepLearningRepo/sub/paralells/steps/convertedtemp/553c244465fd8a23562c97d979767276.png,720x1280
58dca35b7b425869b4443155cf9b1150.png,banana_day4_self,/home/fadhlan/Normal2/DeepLearningRepo/sub/paralells/steps/convertedtemp/58dca35b7b425869b4443155cf9b1150.png,720x1280
b4ad1353c97148e37bbcee167b8fa23a.png,banana_day4_self,/home/fadhlan/Normal2/DeepLearningRepo/sub/paralells/steps/convertedtemp/b4ad1353c97148e37bbcee167b8fa23a.png,1280x720
4837a5d69521be20241eec1332ec3807.png,banana_day4_self,/home/fadhlan/Normal2/DeepLearningRepo/sub/paralells/steps/convertedtemp/4837a5d69521be20241eec1332ec3807.png,720x1280
b17a1de119bb6dbb3d458ea812065fe7.png,banana_day4_self,/home/fadhlan/Normal2/DeepLearningRepo/sub/paralells/steps/convertedtemp/b17a1de119bb6dbb3d458ea812065fe7.png,720x1280
8b5ebe0f3823c6b17c1d911fe39bdeab.png,banana_day4_self,/home/fadhlan/Normal2/DeepLearningRepo/sub/paralells/steps/convertedtemp/8b5ebe0f3823c6b17c1d911fe39bdeab.png,720x1280
755c97615b478b16e766e1644f7be691.png,banana_day4_self,/home/fadhlan/Normal2/DeepLearningRepo/sub/paralells/steps/convertedtemp/755c97615b478b16e766e1644f7be691.png,720x1280
44aa691e26f035ed374ae18aa8cb3982.png,banana_day4_self,/home/fadhlan/Normal2/DeepLearningRepo/sub/paralells/steps/convertedtemp/44aa691e26f035ed374ae18aa8cb3982.png,720x1280
d4f5d14cdb2aa53fc7e45fb613e066ae.png,banana_day4_self,/home/fadhlan/Normal2/DeepLearningRepo/sub/paralells/steps/convertedtemp/d4f5d14cdb2aa53fc7e45fb613e066ae.png,720x1280
cf0601978309fecdf626d23d2302d0e8.png,banana_day4_self,/home/fadhlan/Normal2/DeepLearningRepo/sub/paralells/steps/convertedtemp/cf0601978309fecdf626d23d2302d0e8.png,720x1280
190d9fc8b0ef9a38ad6a274200551ed5.png,banana_day4_self,/home/fadhlan/Normal2/DeepLearningRepo/sub/paralells/steps/convertedtemp/190d9fc8b0ef9a38ad6a274200551ed5.png,720x1280
b37da2f98a15601d9eb6a779241d9720.png,banana_day4_self,/home/fadhlan/Normal2/DeepLearningRepo/sub/paralells/steps/convertedtemp/b37da2f98a15601d9eb6a779241d9720.png,720x1280
8252e9ecdadca636a41beac9629fee53.png,banana_day4_self,/home/fadhlan/Normal2/DeepLearningRepo/sub/paralells/steps/convertedtemp/8252e9ecdadca636a41beac9629fee53.png,720x1280
783b1a68671eff610f0faed4563ec1c8.png,banana_day4_self,/home/fadhlan/Normal2/DeepLearningRepo/sub/paralells/steps/convertedtemp/783b1a68671eff610f0faed4563ec1c8.png,1280x720
7524f53d679e342ec9c375c9bff6da0e.png,banana_day4_self,/home/fadhlan/Normal2/DeepLearningRepo/sub/paralells/steps/convertedtemp/7524f53d679e342ec9c375c9bff6da0e.png,720x1280
7b2aa726f0b4137bebdcb3ab4f8a5b3e.png,banana_day4_self,/home/fadhlan/Normal2/DeepLearningRepo/sub/paralells/steps/convertedtemp/7b2aa726f0b4137bebdcb3ab4f8a5b3e.png,720x1280
aa3db0be815168e73d2c127c98d494bc.png,banana_day4_self,/home/fadhlan/Normal2/DeepLearningRepo/sub/paralells/steps/convertedtemp/aa3db0be815168e73d2c127c98d494bc.png,1280x720
abbd2392e3ef1964b8faf9893c0b0732.png,banana_day4_self,/home/fadhlan/Normal2/DeepLearningRepo/sub/paralells/steps/convertedtemp/abbd2392e3ef1964b8faf9893c0b0732.png,720x1280
bfa118261331f6007aa2178616ddfaf8.png,banana_day4_self,/home/fadhlan/Normal2/DeepLearningRepo/sub/paralells/steps/convertedtemp/bfa118261331f6007aa2178616ddfaf8.png,720x1280
f345a2e93c03ce10c8255e263a6c51eb.png,banana_day4_self,/home/fadhlan/Normal2/DeepLearningRepo/sub/paralells/steps/convertedtemp/f345a2e93c03ce10c8255e263a6c51eb.png,720x1280
50d3693371144d7522aa06bd09fa6159.png,banana_day4_self,/home/fadhlan/Normal2/DeepLearningRepo/sub/paralells/steps/convertedtemp/50d3693371144d7522aa06bd09fa6159.png,1280x720
7fab908d4c73a03de6ded058a40e54f7.png,banana_day4_self,/home/fadhlan/Normal2/DeepLearningRepo/sub/paralells/steps/convertedtemp/7fab908d4c73a03de6ded058a40e54f7.png,720x1280
b155a0db43b1e5eacbc68feedb0a322b.png,banana_day4_self,/home/fadhlan/Normal2/DeepLearningRepo/sub/paralells/steps/convertedtemp/b155a0db43b1e5eacbc68feedb0a322b.png,720x1280
5b8259e708b59f669176277c2f70735c.png,banana_day4_self,/home/fadhlan/Normal2/DeepLearningRepo/sub/paralells/steps/convertedtemp/5b8259e708b59f669176277c2f70735c.png,720x1280
23f257b19fa543b527173cf1248a90d6.png,banana_day4_self,/home/fadhlan/Normal2/DeepLearningRepo/sub/paralells/steps/convertedtemp/23f257b19fa543b527173cf1248a90d6.png,720x1280
1181e53dc262787be4242c1cf0753447.png,banana_day4_self,/home/fadhlan/Normal2/DeepLearningRepo/sub/paralells/steps/convertedtemp/1181e53dc262787be4242c1cf0753447.png,720x1280
7cfe31bea9270197eb72541009f35e79.png,banana_day4_self,/home/fadhlan/Normal2/DeepLearningRepo/sub/paralells/steps/convertedtemp/7cfe31bea9270197eb72541009f35e79.png,720x1280
1abfee67ce5070983b76f22f4f246809.png,banana_day4_self,/home/fadhlan/Normal2/DeepLearningRepo/sub/paralells/steps/convertedtemp/1abfee67ce5070983b76f22f4f246809.png,720x1280
84db3eb14ed1d27c82e1c5b73cc75223.png,banana_day4_self,/home/fadhlan/Normal2/DeepLearningRepo/sub/paralells/steps/convertedtemp/84db3eb14ed1d27c82e1c5b73cc75223.png,720x1280
6112ce6a308554f0518010e1a8954c06.png,banana_day4_self,/home/fadhlan/Normal2/DeepLearningRepo/sub/paralells/steps/convertedtemp/6112ce6a308554f0518010e1a8954c06.png,720x1280
6eec4dde8a51b14074228ed849dff522.png,banana_day4_self,/home/fadhlan/Normal2/DeepLearningRepo/sub/paralells/steps/convertedtemp/6eec4dde8a51b14074228ed849dff522.png,720x1280
a86462dc120f647df3426a485731500a.png,banana_day4_self,/home/fadhlan/Normal2/DeepLearningRepo/sub/paralells/steps/convertedtemp/a86462dc120f647df3426a485731500a.png,720x1280
989a3ecaf707127569e10e2e22e09678.png,banana_day4_self,/home/fadhlan/Normal2/DeepLearningRepo/sub/paralells/steps/convertedtemp/989a3ecaf707127569e10e2e22e09678.png,720x1280
1918e146138d7bb7ced75d3c2019d31a.png,banana_day4_self,/home/fadhlan/Normal2/DeepLearningRepo/sub/paralells/steps/convertedtemp/1918e146138d7bb7ced75d3c2019d31a.png,720x1280
ca5bfa89db16fe2eb1be922ddd39f867.png,banana_day4_self,/home/fadhlan/Normal2/DeepLearningRepo/sub/paralells/steps/convertedtemp/ca5bfa89db16fe2eb1be922ddd39f867.png,720x1280
68745f816cf57542d0143271dddbc8c4.png,banana_day4_self,/home/fadhlan/Normal2/DeepLearningRepo/sub/paralells/steps/convertedtemp/68745f816cf57542d0143271dddbc8c4.png,720x1280
9496818a6f66a0953f70c00375f35165.png,banana_day5_self,/home/fadhlan/Normal2/DeepLearningRepo/sub/paralells/steps/convertedtemp/9496818a6f66a0953f70c00375f35165.png,1280x720
44aceeea7b602a0383e5d19f11b2280d.png,banana_day5_self,/home/fadhlan/Normal2/DeepLearningRepo/sub/paralells/steps/convertedtemp/44aceeea7b602a0383e5d19f11b2280d.png,720x1280
bac61eb5b5313dfa7f461c1ca814a0ad.png,banana_day5_self,/home/fadhlan/Normal2/DeepLearningRepo/sub/paralells/steps/convertedtemp/bac61eb5b5313dfa7f461c1ca814a0ad.png,720x1280
506a4d8887d96bd5d44d3118ca8a5ee5.png,banana_day5_self,/home/fadhlan/Normal2/DeepLearningRepo/sub/paralells/steps/convertedtemp/506a4d8887d96bd5d44d3118ca8a5ee5.png,720x1280
bc63b01534f698b331f89c15d5a3d510.png,banana_day5_self,/home/fadhlan/Normal2/DeepLearningRepo/sub/paralells/steps/convertedtemp/bc63b01534f698b331f89c15d5a3d510.png,720x1280
c15fbf9bdd4cfdd1ceb10475c11fac67.png,banana_day5_self,/home/fadhlan/Normal2/DeepLearningRepo/sub/paralells/steps/convertedtemp/c15fbf9bdd4cfdd1ceb10475c11fac67.png,720x1280
40d0ec6c9bdda7c29b30f2512e1c88fd.png,banana_day5_self,/home/fadhlan/Normal2/DeepLearningRepo/sub/paralells/steps/convertedtemp/40d0ec6c9bdda7c29b30f2512e1c88fd.png,720x1280
249a8548ae8e25d540a9fe34677f52f9.png,banana_day5_self,/home/fadhlan/Normal2/DeepLearningRepo/sub/paralells/steps/convertedtemp/249a8548ae8e25d540a9fe34677f52f9.png,720x1280
310f03c453e8bd776f8b37b2f84a8819.png,banana_day5_self,/home/fadhlan/Normal2/DeepLearningRepo/sub/paralells/steps/convertedtemp/310f03c453e8bd776f8b37b2f84a8819.png,720x1280
ed099afbb9d69414cb7ee9ebc404d0f9.png,banana_day5_self,/home/fadhlan/Normal2/DeepLearningRepo/sub/paralells/steps/convertedtemp/ed099afbb9d69414cb7ee9ebc404d0f9.png,720x1280
0a926ae1b43a716c21d7869048f10887.png,banana_day5_self,/home/fadhlan/Normal2/DeepLearningRepo/sub/paralells/steps/convertedtemp/0a926ae1b43a716c21d7869048f10887.png,720x1280
24a246eb16a3ed216d9bc3e71b2d171c.png,banana_day5_self,/home/fadhlan/Normal2/DeepLearningRepo/sub/paralells/steps/convertedtemp/24a246eb16a3ed216d9bc3e71b2d171c.png,720x1280
7430eda3c943d37fa2477d343c89a1bf.png,banana_day5_self,/home/fadhlan/Normal2/DeepLearningRepo/sub/paralells/steps/convertedtemp/7430eda3c943d37fa2477d343c89a1bf.png,720x1280
e9edf38b7d7a6a34f8259529ace5c482.png,banana_day5_self,/home/fadhlan/Normal2/DeepLearningRepo/sub/paralells/steps/convertedtemp/e9edf38b7d7a6a34f8259529ace5c482.png,720x1280
530ad224d29c1031cb0a6665488925f4.png,banana_day5_self,/home/fadhlan/Normal2/DeepLearningRepo/sub/paralells/steps/convertedtemp/530ad224d29c1031cb0a6665488925f4.png,1280x720
c613b8326719813fb67853283785de99.png,banana_day5_self,/home/fadhlan/Normal2/DeepLearningRepo/sub/paralells/steps/convertedtemp/c613b8326719813fb67853283785de99.png,720x1280
8e8116171cd053ecf94b6dcf9bb7af2a.png,banana_day5_self,/home/fadhlan/Normal2/DeepLearningRepo/sub/paralells/steps/convertedtemp/8e8116171cd053ecf94b6dcf9bb7af2a.png,720x1280
43071eabf3976990c7f93bdb526d9b7d.png,banana_day5_self,/home/fadhlan/Normal2/DeepLearningRepo/sub/paralells/steps/convertedtemp/43071eabf3976990c7f93bdb526d9b7d.png,720x1280
acacee7f33e9be7c174feed0b92ed6ad.png,banana_day5_self,/home/fadhlan/Normal2/DeepLearningRepo/sub/paralells/steps/convertedtemp/acacee7f33e9be7c174feed0b92ed6ad.png,720x1280
68e0e14dfadc81b5b24bd4fa7db8ddc6.png,banana_day5_self,/home/fadhlan/Normal2/DeepLearningRepo/sub/paralells/steps/convertedtemp/68e0e14dfadc81b5b24bd4fa7db8ddc6.png,720x1280
64f3c6849e6e072885aac4bbfbd7bd53.png,banana_day5_self,/home/fadhlan/Normal2/DeepLearningRepo/sub/paralells/steps/convertedtemp/64f3c6849e6e072885aac4bbfbd7bd53.png,720x1280
bfbb7144f67dfa0618d47f76d04a7482.png,banana_day5_self,/home/fadhlan/Normal2/DeepLearningRepo/sub/paralells/steps/convertedtemp/bfbb7144f67dfa0618d47f76d04a7482.png,1280x720
0b53a0589922f0880f268013840fc915.png,banana_day5_self,/home/fadhlan/Normal2/DeepLearningRepo/sub/paralells/steps/convertedtemp/0b53a0589922f0880f268013840fc915.png,720x1280
693ce422f1908b3d263c34cd90c9f7dd.png,banana_day5_self,/home/fadhlan/Normal2/DeepLearningRepo/sub/paralells/steps/convertedtemp/693ce422f1908b3d263c34cd90c9f7dd.png,720x1280
8dbfa0b726096436918e3a579ef84581.png,banana_day5_self,/home/fadhlan/Normal2/DeepLearningRepo/sub/paralells/steps/convertedtemp/8dbfa0b726096436918e3a579ef84581.png,720x1280
2df46740b75cca8829da1a3756d98aa9.png,banana_day5_self,/home/fadhlan/Normal2/DeepLearningRepo/sub/paralells/steps/convertedtemp/2df46740b75cca8829da1a3756d98aa9.png,720x1280
cb22523cef2769855f0b927086392592.png,banana_day5_self,/home/fadhlan/Normal2/DeepLearningRepo/sub/paralells/steps/convertedtemp/cb22523cef2769855f0b927086392592.png,720x1280
f258d27dce9b210067f8bb1443a0c4d4.png,banana_day5_self,/home/fadhlan/Normal2/DeepLearningRepo/sub/paralells/steps/convertedtemp/f258d27dce9b210067f8bb1443a0c4d4.png,1280x720
997dcafeff94b892a7ad39705d8d0f1c.png,banana_day5_self,/home/fadhlan/Normal2/DeepLearningRepo/sub/paralells/steps/convertedtemp/997dcafeff94b892a7ad39705d8d0f1c.png,720x1280
bbe05d8cd9ce2c2bba6103257d4eff06.png,banana_day5_self,/home/fadhlan/Normal2/DeepLearningRepo/sub/paralells/steps/convertedtemp/bbe05d8cd9ce2c2bba6103257d4eff06.png,720x1280
ab31824fb4b345011f904a5c84fb64b9.png,banana_day5_self,/home/fadhlan/Normal2/DeepLearningRepo/sub/paralells/steps/convertedtemp/ab31824fb4b345011f904a5c84fb64b9.png,720x1280
15e9b0ef17ae9697a4f822c5d8c5225c.png,banana_day5_self,/home/fadhlan/Normal2/DeepLearningRepo/sub/paralells/steps/convertedtemp/15e9b0ef17ae9697a4f822c5d8c5225c.png,720x1280
b0b413f8634410fa9a3d4d10172d8804.png,banana_day5_self,/home/fadhlan/Normal2/DeepLearningRepo/sub/paralells/steps/convertedtemp/b0b413f8634410fa9a3d4d10172d8804.png,720x1280
247fcdcd7d3098a94c1f9af65b3fb062.png,banana_day5_self,/home/fadhlan/Normal2/DeepLearningRepo/sub/paralells/steps/convertedtemp/247fcdcd7d3098a94c1f9af65b3fb062.png,720x1280
af1f8ec752cbdfbbf39e8c635f4ae0d3.png,banana_day5_self,/home/fadhlan/Normal2/DeepLearningRepo/sub/paralells/steps/convertedtemp/af1f8ec752cbdfbbf39e8c635f4ae0d3.png,720x1280
043ef7addb1ed74347c684b055967e54.png,banana_day5_self,/home/fadhlan/Normal2/DeepLearningRepo/sub/paralells/steps/convertedtemp/043ef7addb1ed74347c684b055967e54.png,720x1280
07aec6e7a8751f27a927ab973b450207.png,banana_day5_self,/home/fadhlan/Normal2/DeepLearningRepo/sub/paralells/steps/convertedtemp/07aec6e7a8751f27a927ab973b450207.png,720x1280
d5c6e820ed7ace98b3ac1b59e94a9c32.png,banana_day5_self,/home/fadhlan/Normal2/DeepLearningRepo/sub/paralells/steps/convertedtemp/d5c6e820ed7ace98b3ac1b59e94a9c32.png,720x1280
74535640b43b7a41934982f5d0985203.png,banana_day5_self,/home/fadhlan/Normal2/DeepLearningRepo/sub/paralells/steps/convertedtemp/74535640b43b7a41934982f5d0985203.png,720x1280
8150fe8403a20e2e7cfb459261869c44.png,banana_day5_self,/home/fadhlan/Normal2/DeepLearningRepo/sub/paralells/steps/convertedtemp/8150fe8403a20e2e7cfb459261869c44.png,720x1280
b920df52f061549ec1841bfd9a832430.png,banana_day5_self,/home/fadhlan/Normal2/DeepLearningRepo/sub/paralells/steps/convertedtemp/b920df52f061549ec1841bfd9a832430.png,1280x720
834401403a1f14e98fe9c55af7eba581.png,banana_day5_self,/home/fadhlan/Normal2/DeepLearningRepo/sub/paralells/steps/convertedtemp/834401403a1f14e98fe9c55af7eba581.png,720x1280
6ff5f5450a151eaa1d493d1666950cb8.png,banana_day5_self,/home/fadhlan/Normal2/DeepLearningRepo/sub/paralells/steps/convertedtemp/6ff5f5450a151eaa1d493d1666950cb8.png,720x1280
904407b02ed0b72159af4c3736e4b08d.png,banana_day5_self,/home/fadhlan/Normal2/DeepLearningRepo/sub/paralells/steps/convertedtemp/904407b02ed0b72159af4c3736e4b08d.png,720x1280
09994fb76ea2e145a654a1ebed5d029e.png,banana_day5_self,/home/fadhlan/Normal2/DeepLearningRepo/sub/paralells/steps/convertedtemp/09994fb76ea2e145a654a1ebed5d029e.png,720x1280
c0797514f9f7c9e75e28089d0b865bd9.png,banana_day5_self,/home/fadhlan/Normal2/DeepLearningRepo/sub/paralells/steps/convertedtemp/c0797514f9f7c9e75e28089d0b865bd9.png,720x1280
ddf4516061f4474b7aa0bef688890d40.png,banana_day5_self,/home/fadhlan/Normal2/DeepLearningRepo/sub/paralells/steps/convertedtemp/ddf4516061f4474b7aa0bef688890d40.png,720x1280
ab572b7a2c43771efabb59d1154bdec5.png,banana_day5_self,/home/fadhlan/Normal2/DeepLearningRepo/sub/paralells/steps/convertedtemp/ab572b7a2c43771efabb59d1154bdec5.png,720x1280
72ff41888f014e87c9e59f7b3ae8b947.png,banana_day5_self,/home/fadhlan/Normal2/DeepLearningRepo/sub/paralells/steps/convertedtemp/72ff41888f014e87c9e59f7b3ae8b947.png,1280x720
34deff4c7511e548db5c931ddbabd846.png,banana_day6_self,/home/fadhlan/Normal2/DeepLearningRepo/sub/paralells/steps/convertedtemp/34deff4c7511e548db5c931ddbabd846.png,1280x720
ec76244cc40ba324f80b2faa8fd25666.png,banana_day6_self,/home/fadhlan/Normal2/DeepLearningRepo/sub/paralells/steps/convertedtemp/ec76244cc40ba324f80b2faa8fd25666.png,720x1280
463ddc0ab265ff1a1d92cfa808389390.png,banana_day6_self,/home/fadhlan/Normal2/DeepLearningRepo/sub/paralells/steps/convertedtemp/463ddc0ab265ff1a1d92cfa808389390.png,720x1280
98cc646ad0d2988e5667abe3c66736f3.png,banana_day6_self,/home/fadhlan/Normal2/DeepLearningRepo/sub/paralells/steps/convertedtemp/98cc646ad0d2988e5667abe3c66736f3.png,720x1280
6420ca6832a825b961f2bfffe206f574.png,banana_day6_self,/home/fadhlan/Normal2/DeepLearningRepo/sub/paralells/steps/convertedtemp/6420ca6832a825b961f2bfffe206f574.png,720x1280
8326e2893f296a057fd380e929c46a2f.png,banana_day6_self,/home/fadhlan/Normal2/DeepLearningRepo/sub/paralells/steps/convertedtemp/8326e2893f296a057fd380e929c46a2f.png,720x1280
78159744e4cf1b2e5a3f154671bd7c35.png,banana_day6_self,/home/fadhlan/Normal2/DeepLearningRepo/sub/paralells/steps/convertedtemp/78159744e4cf1b2e5a3f154671bd7c35.png,720x1280
07d6e08fe3b5cd95d62f52d6fa0b3198.png,banana_day6_self,/home/fadhlan/Normal2/DeepLearningRepo/sub/paralells/steps/convertedtemp/07d6e08fe3b5cd95d62f52d6fa0b3198.png,720x1280
31836c26bdcc8577744154313cf8d59b.png,banana_day6_self,/home/fadhlan/Normal2/DeepLearningRepo/sub/paralells/steps/convertedtemp/31836c26bdcc8577744154313cf8d59b.png,720x1280
d8d206f5597fc4802d28461dcdce52d4.png,banana_day6_self,/home/fadhlan/Normal2/DeepLearningRepo/sub/paralells/steps/convertedtemp/d8d206f5597fc4802d28461dcdce52d4.png,720x1280
aac88cf1494d1ad142dbfe644e67b776.png,banana_day6_self,/home/fadhlan/Normal2/DeepLearningRepo/sub/paralells/steps/convertedtemp/aac88cf1494d1ad142dbfe644e67b776.png,720x1280
d9f0f423f839c3547b1ecc69b44fc1bc.png,banana_day6_self,/home/fadhlan/Normal2/DeepLearningRepo/sub/paralells/steps/convertedtemp/d9f0f423f839c3547b1ecc69b44fc1bc.png,720x1280
377b487aad6eefc5c9a2c6bd44c9fc87.png,banana_day6_self,/home/fadhlan/Normal2/DeepLearningRepo/sub/paralells/steps/convertedtemp/377b487aad6eefc5c9a2c6bd44c9fc87.png,720x1280
fd5c1a35116b71757689ec4ab622cea0.png,banana_day6_self,/home/fadhlan/Normal2/DeepLearningRepo/sub/paralells/steps/convertedtemp/fd5c1a35116b71757689ec4ab622cea0.png,720x1280
3aefb19c2b26df1b593afe9fd0d68c92.png,banana_day6_self,/home/fadhlan/Normal2/DeepLearningRepo/sub/paralells/steps/convertedtemp/3aefb19c2b26df1b593afe9fd0d68c92.png,720x1280
bfcee4bfdf407fc75816ed95df303891.png,banana_day6_self,/home/fadhlan/Normal2/DeepLearningRepo/sub/paralells/steps/convertedtemp/bfcee4bfdf407fc75816ed95df303891.png,720x1280
9052ab730f74aab1e7231d66f7a23add.png,banana_day6_self,/home/fadhlan/Normal2/DeepLearningRepo/sub/paralells/steps/convertedtemp/9052ab730f74aab1e7231d66f7a23add.png,720x1280
dff96f5a3a6985f47ff4b5d7c9ecaf23.png,banana_day6_self,/home/fadhlan/Normal2/DeepLearningRepo/sub/paralells/steps/convertedtemp/dff96f5a3a6985f47ff4b5d7c9ecaf23.png,720x1280
1a2c1f470127cb3dc53d12214577f7ae.png,banana_day6_self,/home/fadhlan/Normal2/DeepLearningRepo/sub/paralells/steps/convertedtemp/1a2c1f470127cb3dc53d12214577f7ae.png,1280x720
ea5abaf0af2bf071cf1f65df6a4382ff.png,banana_day6_self,/home/fadhlan/Normal2/DeepLearningRepo/sub/paralells/steps/convertedtemp/ea5abaf0af2bf071cf1f65df6a4382ff.png,720x1280
b01b9c646d7ef57e12194a9fb0c0caff.png,banana_day6_self,/home/fadhlan/Normal2/DeepLearningRepo/sub/paralells/steps/convertedtemp/b01b9c646d7ef57e12194a9fb0c0caff.png,720x1280
7cb4973fc18a28165c83175120365bb0.png,banana_day6_self,/home/fadhlan/Normal2/DeepLearningRepo/sub/paralells/steps/convertedtemp/7cb4973fc18a28165c83175120365bb0.png,720x1280
ba64462f5f29b66bd7a28efdcb0bc9ee.png,banana_day6_self,/home/fadhlan/Normal2/DeepLearningRepo/sub/paralells/steps/convertedtemp/ba64462f5f29b66bd7a28efdcb0bc9ee.png,1280x720
697fe67124e2414ff149863ce160f817.png,banana_day6_self,/home/fadhlan/Normal2/DeepLearningRepo/sub/paralells/steps/convertedtemp/697fe67124e2414ff149863ce160f817.png,720x1280
b862a4cec1747e659be1eca294b226bf.png,banana_day6_self,/home/fadhlan/Normal2/DeepLearningRepo/sub/paralells/steps/convertedtemp/b862a4cec1747e659be1eca294b226bf.png,720x1280
a0122e302e2ccfe42308663c81cde5d6.png,banana_day6_self,/home/fadhlan/Normal2/DeepLearningRepo/sub/paralells/steps/convertedtemp/a0122e302e2ccfe42308663c81cde5d6.png,720x1280
972d5bf68c22ddddda99cfcad1f2877a.png,banana_day6_self,/home/fadhlan/Normal2/DeepLearningRepo/sub/paralells/steps/convertedtemp/972d5bf68c22ddddda99cfcad1f2877a.png,720x1280
937a06a5e9bf30cad736e8d3e931f357.png,banana_day6_self,/home/fadhlan/Normal2/DeepLearningRepo/sub/paralells/steps/convertedtemp/937a06a5e9bf30cad736e8d3e931f357.png,720x1280
9d2b77604481ef40fce00072db7fc14d.png,banana_day6_self,/home/fadhlan/Normal2/DeepLearningRepo/sub/paralells/steps/convertedtemp/9d2b77604481ef40fce00072db7fc14d.png,720x1280
641214ca9bf9478aedef3f2321806187.png,banana_day6_self,/home/fadhlan/Normal2/DeepLearningRepo/sub/paralells/steps/convertedtemp/641214ca9bf9478aedef3f2321806187.png,720x1280
0fcf956bc6b8d121f7472e293d3b53f8.png,banana_day6_self,/home/fadhlan/Normal2/DeepLearningRepo/sub/paralells/steps/convertedtemp/0fcf956bc6b8d121f7472e293d3b53f8.png,720x1280
e207b65244a3c74997a9acb641cdef75.png,banana_day6_self,/home/fadhlan/Normal2/DeepLearningRepo/sub/paralells/steps/convertedtemp/e207b65244a3c74997a9acb641cdef75.png,720x1280
240bf2826222b91bb05af9d716ee195e.png,banana_day6_self,/home/fadhlan/Normal2/DeepLearningRepo/sub/paralells/steps/convertedtemp/240bf2826222b91bb05af9d716ee195e.png,720x1280
2df79d18c797040d7cb3bff3a3c7b472.png,banana_day6_self,/home/fadhlan/Normal2/DeepLearningRepo/sub/paralells/steps/convertedtemp/2df79d18c797040d7cb3bff3a3c7b472.png,720x1280
3c3a7c70b7ab58d4adec1b59883f80be.png,banana_day6_self,/home/fadhlan/Normal2/DeepLearningRepo/sub/paralells/steps/convertedtemp/3c3a7c70b7ab58d4adec1b59883f80be.png,720x1280
14d4489442858fe7984e2a0d04f14022.png,banana_day6_self,/home/fadhlan/Normal2/DeepLearningRepo/sub/paralells/steps/convertedtemp/14d4489442858fe7984e2a0d04f14022.png,720x1280
1c343293da1974cd21d633750c51c4b4.png,banana_day6_self,/home/fadhlan/Normal2/DeepLearningRepo/sub/paralells/steps/convertedtemp/1c343293da1974cd21d633750c51c4b4.png,720x1280
150b7f4337bd6eb567fe12576610e2e0.png,banana_day6_self,/home/fadhlan/Normal2/DeepLearningRepo/sub/paralells/steps/convertedtemp/150b7f4337bd6eb567fe12576610e2e0.png,720x1280
e8c031bb1cb6b0c9b2e4e4e62d493d20.png,banana_day6_self,/home/fadhlan/Normal2/DeepLearningRepo/sub/paralells/steps/convertedtemp/e8c031bb1cb6b0c9b2e4e4e62d493d20.png,1280x720
0de0a23e1b0d2e5c1b92dccbadb50823.png,banana_day6_self,/home/fadhlan/Normal2/DeepLearningRepo/sub/paralells/steps/convertedtemp/0de0a23e1b0d2e5c1b92dccbadb50823.png,720x1280
dbd538bb01be314a7d0e106538cbd6be.png,banana_day6_self,/home/fadhlan/Normal2/DeepLearningRepo/sub/paralells/steps/convertedtemp/dbd538bb01be314a7d0e106538cbd6be.png,720x1280
5640fdde4da433d616555bf6e46b04e9.png,banana_day6_self,/home/fadhlan/Normal2/DeepLearningRepo/sub/paralells/steps/convertedtemp/5640fdde4da433d616555bf6e46b04e9.png,1280x720
7e20c56cd3959a798579a1fba91051d9.png,banana_day6_self,/home/fadhlan/Normal2/DeepLearningRepo/sub/paralells/steps/convertedtemp/7e20c56cd3959a798579a1fba91051d9.png,720x1280
586e3d10239d56a4af999d5284d142db.png,banana_day6_self,/home/fadhlan/Normal2/DeepLearningRepo/sub/paralells/steps/convertedtemp/586e3d10239d56a4af999d5284d142db.png,1280x720
e9357e97e3c4b0d86fd026b4052b1745.png,banana_day6_self,/home/fadhlan/Normal2/DeepLearningRepo/sub/paralells/steps/convertedtemp/e9357e97e3c4b0d86fd026b4052b1745.png,720x1280
302452039c3ff7ef203e4b00f43a9771.png,banana_day6_self,/home/fadhlan/Normal2/DeepLearningRepo/sub/paralells/steps/convertedtemp/302452039c3ff7ef203e4b00f43a9771.png,720x1280
a3fe327dfddf6a54004f7e2ce3d0bdc5.png,banana_day6_self,/home/fadhlan/Normal2/DeepLearningRepo/sub/paralells/steps/convertedtemp/a3fe327dfddf6a54004f7e2ce3d0bdc5.png,720x1280
48cef7182d94a2fc7415978e409e4594.png,banana_day6_self,/home/fadhlan/Normal2/DeepLearningRepo/sub/paralells/steps/convertedtemp/48cef7182d94a2fc7415978e409e4594.png,720x1280
898663599360889a7787941fc5292007.png,banana_day7_self,/home/fadhlan/Normal2/DeepLearningRepo/sub/paralells/steps/convertedtemp/898663599360889a7787941fc5292007.png,1280x720
73e441d3f177346d9dee839a33806a3c.png,banana_day7_self,/home/fadhlan/Normal2/DeepLearningRepo/sub/paralells/steps/convertedtemp/73e441d3f177346d9dee839a33806a3c.png,720x1280
45ff479bc393d0bd57d04083ba875fda.png,banana_day7_self,/home/fadhlan/Normal2/DeepLearningRepo/sub/paralells/steps/convertedtemp/45ff479bc393d0bd57d04083ba875fda.png,1280x720
887d7ebd8a37abab1f447184087816c3.png,banana_day7_self,/home/fadhlan/Normal2/DeepLearningRepo/sub/paralells/steps/convertedtemp/887d7ebd8a37abab1f447184087816c3.png,720x1280
14ea6c92ac8fc63e9d74fb88d801c913.png,banana_day7_self,/home/fadhlan/Normal2/DeepLearningRepo/sub/paralells/steps/convertedtemp/14ea6c92ac8fc63e9d74fb88d801c913.png,720x1280
81486beccfba6145f7d585e85e6c42fe.png,banana_day7_self,/home/fadhlan/Normal2/DeepLearningRepo/sub/paralells/steps/convertedtemp/81486beccfba6145f7d585e85e6c42fe.png,720x1280
467c41f415fc898c08c4e77cd2cfcdfc.png,banana_day7_self,/home/fadhlan/Normal2/DeepLearningRepo/sub/paralells/steps/convertedtemp/467c41f415fc898c08c4e77cd2cfcdfc.png,720x1280
f69b2f5b31b33ca2faa7fc5e11c25b41.png,banana_day7_self,/home/fadhlan/Normal2/DeepLearningRepo/sub/paralells/steps/convertedtemp/f69b2f5b31b33ca2faa7fc5e11c25b41.png,720x1280
d1f08cba1ab7644c2fe0a235918b12b1.png,banana_day7_self,/home/fadhlan/Normal2/DeepLearningRepo/sub/paralells/steps/convertedtemp/d1f08cba1ab7644c2fe0a235918b12b1.png,720x1280
070bf822ee9aaa16fbc430945c1b8cc3.png,banana_day7_self,/home/fadhlan/Normal2/DeepLearningRepo/sub/paralells/steps/convertedtemp/070bf822ee9aaa16fbc430945c1b8cc3.png,720x1280
bfbea7dd6c4ba965792a659ff73ecdff.png,banana_day7_self,/home/fadhlan/Normal2/DeepLearningRepo/sub/paralells/steps/convertedtemp/bfbea7dd6c4ba965792a659ff73ecdff.png,720x1280
f2acbd06cf1203f6273740fa01e864d5.png,banana_day7_self,/home/fadhlan/Normal2/DeepLearningRepo/sub/paralells/steps/convertedtemp/f2acbd06cf1203f6273740fa01e864d5.png,720x1280
1e3dbbd96813a8e12e63f1d282acd9fd.png,banana_day7_self,/home/fadhlan/Normal2/DeepLearningRepo/sub/paralells/steps/convertedtemp/1e3dbbd96813a8e12e63f1d282acd9fd.png,720x1280
db6ee317e0d4301726c4a67e8bbc3758.png,banana_day7_self,/home/fadhlan/Normal2/DeepLearningRepo/sub/paralells/steps/convertedtemp/db6ee317e0d4301726c4a67e8bbc3758.png,1280x720
301969b03bfb23653a4263531afe1889.png,banana_day7_self,/home/fadhlan/Normal2/DeepLearningRepo/sub/paralells/steps/convertedtemp/301969b03bfb23653a4263531afe1889.png,720x1280
308b885fec6382eb3890ddab7682448a.png,banana_day7_self,/home/fadhlan/Normal2/DeepLearningRepo/sub/paralells/steps/convertedtemp/308b885fec6382eb3890ddab7682448a.png,720x1280
f077e0ba82331413e3ae3060d2295088.png,banana_day7_self,/home/fadhlan/Normal2/DeepLearningRepo/sub/paralells/steps/convertedtemp/f077e0ba82331413e3ae3060d2295088.png,720x1280
97d015b48cf70de6e80194e726a7a52a.png,banana_day7_self,/home/fadhlan/Normal2/DeepLearningRepo/sub/paralells/steps/convertedtemp/97d015b48cf70de6e80194e726a7a52a.png,720x1280
68cae8c397387d0b2aa91f04a4306b80.png,banana_day7_self,/home/fadhlan/Normal2/DeepLearningRepo/sub/paralells/steps/convertedtemp/68cae8c397387d0b2aa91f04a4306b80.png,720x1280
3bb3b08befa06068666533dd06a883ad.png,banana_day7_self,/home/fadhlan/Normal2/DeepLearningRepo/sub/paralells/steps/convertedtemp/3bb3b08befa06068666533dd06a883ad.png,720x1280
28994a1888ac05eea02de19d9f6cd65f.png,banana_day7_self,/home/fadhlan/Normal2/DeepLearningRepo/sub/paralells/steps/convertedtemp/28994a1888ac05eea02de19d9f6cd65f.png,720x1280
2979b81c1d24fb8db8541b228d9b715a.png,banana_day7_self,/home/fadhlan/Normal2/DeepLearningRepo/sub/paralells/steps/convertedtemp/2979b81c1d24fb8db8541b228d9b715a.png,1280x720
f3c615adce59e7a8284c7a36f819b522.png,banana_day7_self,/home/fadhlan/Normal2/DeepLearningRepo/sub/paralells/steps/convertedtemp/f3c615adce59e7a8284c7a36f819b522.png,1280x720
ccbb3d88c29f7d3cec0d74dae87500b4.png,banana_day7_self,/home/fadhlan/Normal2/DeepLearningRepo/sub/paralells/steps/convertedtemp/ccbb3d88c29f7d3cec0d74dae87500b4.png,720x1280
12363847b5f3f47e76590c40df33c7bb.png,banana_day7_self,/home/fadhlan/Normal2/DeepLearningRepo/sub/paralells/steps/convertedtemp/12363847b5f3f47e76590c40df33c7bb.png,720x1280
1731a0459678861cf20b16725a21cf18.png,banana_day7_self,/home/fadhlan/Normal2/DeepLearningRepo/sub/paralells/steps/convertedtemp/1731a0459678861cf20b16725a21cf18.png,720x1280
894136268ba937fe34f322e59a347c9b.png,banana_day7_self,/home/fadhlan/Normal2/DeepLearningRepo/sub/paralells/steps/convertedtemp/894136268ba937fe34f322e59a347c9b.png,720x1280
6d2e9d133db940883ec676d3310fd19a.png,banana_day7_self,/home/fadhlan/Normal2/DeepLearningRepo/sub/paralells/steps/convertedtemp/6d2e9d133db940883ec676d3310fd19a.png,720x1280
f088db3f107b501354c1b9c80f05f6a9.png,banana_day7_self,/home/fadhlan/Normal2/DeepLearningRepo/sub/paralells/steps/convertedtemp/f088db3f107b501354c1b9c80f05f6a9.png,720x1280
eca16d1814d06920d8d2308144c9ecd8.png,banana_day7_self,/home/fadhlan/Normal2/DeepLearningRepo/sub/paralells/steps/convertedtemp/eca16d1814d06920d8d2308144c9ecd8.png,720x1280
153c726330251b056a6b2c810bec2268.png,banana_day7_self,/home/fadhlan/Normal2/DeepLearningRepo/sub/paralells/steps/convertedtemp/153c726330251b056a6b2c810bec2268.png,720x1280
05cc17581b4e4479215bffaa9ae15292.png,banana_day7_self,/home/fadhlan/Normal2/DeepLearningRepo/sub/paralells/steps/convertedtemp/05cc17581b4e4479215bffaa9ae15292.png,720x1280
e92ac13c0e058e6239be3048bec99735.png,banana_day7_self,/home/fadhlan/Normal2/DeepLearningRepo/sub/paralells/steps/convertedtemp/e92ac13c0e058e6239be3048bec99735.png,720x1280
4605ef2474b592f3d80fa1ebc35b1b35.png,banana_day7_self,/home/fadhlan/Normal2/DeepLearningRepo/sub/paralells/steps/convertedtemp/4605ef2474b592f3d80fa1ebc35b1b35.png,720x1280
694e1348e41fa7e5c7926122ebfd95d7.png,banana_day7_self,/home/fadhlan/Normal2/DeepLearningRepo/sub/paralells/steps/convertedtemp/694e1348e41fa7e5c7926122ebfd95d7.png,720x1280
367851e2b4a3f460e664e8a38397ce6e.png,banana_day7_self,/home/fadhlan/Normal2/DeepLearningRepo/sub/paralells/steps/convertedtemp/367851e2b4a3f460e664e8a38397ce6e.png,720x1280
aa5cd2547880d4fa6c8414979a523838.png,banana_day7_self,/home/fadhlan/Normal2/DeepLearningRepo/sub/paralells/steps/convertedtemp/aa5cd2547880d4fa6c8414979a523838.png,720x1280
8be2275bc3baf7c4f2e806d0e94047c6.png,banana_day7_self,/home/fadhlan/Normal2/DeepLearningRepo/sub/paralells/steps/convertedtemp/8be2275bc3baf7c4f2e806d0e94047c6.png,720x1280
ba9856708e90e469db977830b088b75b.png,banana_day7_self,/home/fadhlan/Normal2/DeepLearningRepo/sub/paralells/steps/convertedtemp/ba9856708e90e469db977830b088b75b.png,720x1280
be0325ca362b1acb76a3785ce9586b38.png,banana_day7_self,/home/fadhlan/Normal2/DeepLearningRepo/sub/paralells/steps/convertedtemp/be0325ca362b1acb76a3785ce9586b38.png,720x1280
d9c198dd03bd557042cced56a6219874.png,banana_day7_self,/home/fadhlan/Normal2/DeepLearningRepo/sub/paralells/steps/convertedtemp/d9c198dd03bd557042cced56a6219874.png,720x1280
e1c7cf0a8b485320ebb936c315e181a5.png,banana_day7_self,/home/fadhlan/Normal2/DeepLearningRepo/sub/paralells/steps/convertedtemp/e1c7cf0a8b485320ebb936c315e181a5.png,720x1280
c54c5e408994b3dcb4d2bb8583fd9bc0.png,banana_day7_self,/home/fadhlan/Normal2/DeepLearningRepo/sub/paralells/steps/convertedtemp/c54c5e408994b3dcb4d2bb8583fd9bc0.png,720x1280
2d4da1577e08e255431cfe46bf39f083.png,banana_day7_self,/home/fadhlan/Normal2/DeepLearningRepo/sub/paralells/steps/convertedtemp/2d4da1577e08e255431cfe46bf39f083.png,720x1280
4d0f9dbf391ce2508309c7279ffc0793.png,banana_day7_self,/home/fadhlan/Normal2/DeepLearningRepo/sub/paralells/steps/convertedtemp/4d0f9dbf391ce2508309c7279ffc0793.png,720x1280
7c38a7c2f336574610bc964d12596bd8.png,banana_day7_self,/home/fadhlan/Normal2/DeepLearningRepo/sub/paralells/steps/convertedtemp/7c38a7c2f336574610bc964d12596bd8.png,720x1280
cb971bf79b8b188c95ab4f353699e395.png,banana_day7_self,/home/fadhlan/Normal2/DeepLearningRepo/sub/paralells/steps/convertedtemp/cb971bf79b8b188c95ab4f353699e395.png,1280x720
